sectionId:ID(Section),title,sectionNumber,:LABEL
sec_pol_chubb_672aec9c_2db6c4c1,Chubb Elite V Directors & Officers Liability Insurance,,Section
sec_pol_chubb_672aec9c_c5cd925e,Policy Schedule & Wording,,Section
sec_pol_chubb_672aec9c_de3cf004,Contents,,Section
sec_pol_chubb_672aec9c_23b3d08b,Chubb Elite V Director & Officers Liability Insurance Schedule,,Section
sec_pol_chubb_672aec9c_d71f8c35,(ii) Claims falling anywhere in the world other than in the United States of America:,,Section
sec_pol_chubb_672aec9c_a605a850,Insuring Agreement C:,,Section
sec_pol_chubb_672aec9c_136f0ac9,Insuring Agreement D and indemnifiable Loss:,,Section
sec_pol_chubb_672aec9c_dacb4483,Item 5 Pending or Prior Litigation Date:,,Section
sec_pol_chubb_672aec9c_cdfd2b74,Item 6 Acquisition Limit:,,Section
sec_pol_chubb_672aec9c_d65cfa4b,Item 7 Securities Placement / Offering Limit:,,Section
sec_pol_chubb_672aec9c_8c4b5df3,Item 8 Premium:,,Section
sec_pol_chubb_672aec9c_63b7c08c,Item 9(a),,Section
sec_pol_chubb_672aec9c_4cc34120,Item 9(b),,Section
sec_pol_chubb_672aec9c_2fa0b3ba,Item 10,,Section
sec_pol_chubb_672aec9c_4a074956,(a) Individual Additional Excess Limit for Non-Indemnifiable Loss:,,Section
sec_pol_chubb_672aec9c_b9d78bb7,(b) Aggregate Additional Excess Limit for Non-Indemnifiable Loss:,,Section
sec_pol_chubb_672aec9c_7ef256eb,Item 11,,Section
sec_pol_chubb_672aec9c_8d1ca4d3,Crisis Costs:,,Section
sec_pol_chubb_672aec9c_7bd70d7d,Item 12,,Section
sec_pol_chubb_672aec9c_9eff82aa,Public Relations Expenses:,,Section
sec_pol_chubb_672aec9c_60c01cf2,Item 13,,Section
sec_pol_chubb_672aec9c_453940ea,Reputation Protection Expenses:,,Section
sec_pol_chubb_672aec9c_c5fa7472,Item 14,,Section
sec_pol_chubb_672aec9c_bc1a6b43,Environmental Violation:,,Section
sec_pol_chubb_672aec9c_a276875a,Item 15,,Section
sec_pol_chubb_672aec9c_c558ab22,Cyber Privacy and Confidentiality:,,Section
sec_pol_chubb_672aec9c_173cb127,Item 16,,Section
sec_pol_chubb_672aec9c_06a7d8bc,Mitigation of Loss:,,Section
sec_pol_chubb_672aec9c_80e43993,Item 17,,Section
sec_pol_chubb_672aec9c_4082dd1e,Retroactive Date:,,Section
sec_pol_chubb_672aec9c_dfe8a808,Endorsement,,Section
sec_pol_chubb_672aec9c_46ac9640,Policy Wording,,Section
sec_pol_chubb_672aec9c_48d05fe8,1. Insuring Agreements,,Section
sec_pol_chubb_672aec9c_c4097200,2. Extensions,,Section
sec_pol_chubb_672aec9c_de84e1fd,2.1 Preservation of Side A limit,,Section
sec_pol_chubb_672aec9c_65081eb7,2.2 Additional Excess Limit for Non-Indemnifiable Loss,,Section
sec_pol_chubb_672aec9c_7e814da7,2.3 Subsidiaries,,Section
sec_pol_chubb_672aec9c_9e60b3fe,2.4 Emergency Costs and Expenses,,Section
sec_pol_chubb_672aec9c_1002efe6,2.5 Retired Director or Officer Cover,,Section
sec_pol_chubb_672aec9c_ed219a2a,2.6 Takeovers and Mergers Run-off,,Section
sec_pol_chubb_672aec9c_0d7267a1,2.7 Outside Directorship,,Section
sec_pol_chubb_672aec9c_d8909838,2.8 Management Buy-outs,,Section
sec_pol_chubb_672aec9c_b0dd273a,2.9 Tax,,Section
sec_pol_chubb_672aec9c_3378cfb1,"2.10 Bail Bond Costs, Crisis Costs, Public Relations Expenses & Reputation Protection Expenses",,Section
sec_pol_chubb_672aec9c_153776ae,2.11 Extradition Proceedings,,Section
sec_pol_chubb_672aec9c_cec989e0,2.12 Prosecution Costs,,Section
sec_pol_chubb_672aec9c_4b7a2006,2.13 Civil Fines and Civil Penalties,,Section
sec_pol_chubb_672aec9c_48a0b049,2.14 Occupational Health & Safety and Corporate Manslaughter,,Section
sec_pol_chubb_672aec9c_95a145c8,2.15 Deprivation of Assets,,Section
sec_pol_chubb_672aec9c_ee3dcee8,2.16 Pre-Investigation Costs,,Section
sec_pol_chubb_672aec9c_34600b52,2.17 Foreign Liberalisation,,Section
sec_pol_chubb_672aec9c_3d8b508b,2.18 Indemnity to the Company for Shareholder Costs,,Section
sec_pol_chubb_672aec9c_0ddb4dd4,2.19 Derivative Investigation Hearing,,Section
sec_pol_chubb_672aec9c_71bd18d9,2.20 Interpretive Counsel - International Securities Law,,Section
sec_pol_chubb_672aec9c_7a70a27c,2.21 Environmental Violation,,Section
sec_pol_chubb_672aec9c_727352ef,2.22 Cyber Privacy and Confidentiality,,Section
sec_pol_chubb_672aec9c_8a1477e8,2.23 Mitigation of Loss,,Section
sec_pol_chubb_672aec9c_10799949,2.24 Reinstatement of Limit if a Recovery,,Section
sec_pol_chubb_672aec9c_f1800b4b,2.25 Continuous Cover,,Section
sec_pol_chubb_672aec9c_2deac869,2.26 Advancement of Costs and Expenses,,Section
sec_pol_chubb_672aec9c_02b9762d,3. Definitions,,Section
sec_pol_chubb_672aec9c_ab8b6867,3.1 Bail Bond Costs,,Section
sec_pol_chubb_672aec9c_1b02db90,3.2 Claim,,Section
sec_pol_chubb_672aec9c_d57b9b3b,3.3 Company,,Section
sec_pol_chubb_672aec9c_ec94f579,3.4 Confidential Information,,Section
sec_pol_chubb_672aec9c_b0d81a44,3.5 Crisis Costs,,Section
sec_pol_chubb_672aec9c_9acf1093,3.6,,Section
sec_pol_chubb_672aec9c_58162f48,3.7,,Section
sec_pol_chubb_672aec9c_7d3e2ca8,3.8,,Section
sec_pol_chubb_672aec9c_761deb4c,3.9,,Section
sec_pol_chubb_672aec9c_f4afc9c9,3.10,,Section
sec_pol_chubb_672aec9c_975b7420,3.11,,Section
sec_pol_chubb_672aec9c_01c801b4,3.12,,Section
sec_pol_chubb_672aec9c_df80ba65,3.13,,Section
sec_pol_chubb_672aec9c_780cd845,3.14 Discovery Period,,Section
sec_pol_chubb_672aec9c_09408dd0,3.15 Employee,,Section
sec_pol_chubb_672aec9c_f9167c9d,3.16 Employment Related Wrongful Act,,Section
sec_pol_chubb_672aec9c_10c99d7e,3.17 Environmental Condition,,Section
sec_pol_chubb_672aec9c_ca2fe430,3.18 Environmental Proceeding,,Section
sec_pol_chubb_672aec9c_b873bfbe,3.19 Extradition Proceeding means:,,Section
sec_pol_chubb_672aec9c_60bf6966,3.20 Extranet means,,Section
sec_pol_chubb_672aec9c_55e409f1,3.21 Final Adjudication means,,Section
sec_pol_chubb_672aec9c_aae21906,3.22 Foreign Jurisdiction means,,Section
sec_pol_chubb_672aec9c_513747de,3.23 Foreign Policy means,,Section
sec_pol_chubb_672aec9c_8d80428d,3.24 Insured means,,Section
sec_pol_chubb_672aec9c_ad9e6d6f,3.25 Insured Person means,,Section
sec_pol_chubb_672aec9c_1ff3c41c,3.39,,Section
sec_pol_chubb_672aec9c_64fd1e78,3.40,,Section
sec_pol_chubb_672aec9c_896b54b6,3.41,,Section
sec_pol_chubb_672aec9c_d572914d,3.42,,Section
sec_pol_chubb_672aec9c_98f9313a,3.43,,Section
sec_pol_chubb_672aec9c_722d2714,3.44,,Section
sec_pol_chubb_672aec9c_110a697b,3.45,,Section
sec_pol_chubb_672aec9c_d2e954ac,3.46,,Section
sec_pol_chubb_672aec9c_0f5563f9,3.47 Retaliation,,Section
sec_pol_chubb_672aec9c_02368dd2,3.48 Retired Director or Officer,,Section
sec_pol_chubb_672aec9c_fe1bfa59,3.49 Securities,,Section
sec_pol_chubb_672aec9c_9d41c416,3.50 Securities Claim,,Section
sec_pol_chubb_672aec9c_f1766f91,3.51 Shadow Director,,Section
sec_pol_chubb_672aec9c_7ea48174,3.52 Single Claim,,Section
sec_pol_chubb_672aec9c_d3e7be34,3.53 Subsidiary,,Section
sec_pol_chubb_672aec9c_b94f97de,3.54,,Section
sec_pol_chubb_672aec9c_6a02db05,3.55,,Section
sec_pol_chubb_672aec9c_3a52e0d0,4. Exclusions,,Section
sec_pol_chubb_672aec9c_b7de0a91,4.1,,Section
sec_pol_chubb_672aec9c_99075cd8,4.2,,Section
sec_pol_chubb_672aec9c_891c9042,4.3,,Section
sec_pol_chubb_672aec9c_111a2f12,4.4,,Section
sec_pol_chubb_672aec9c_1a910004,4.5,,Section
sec_pol_chubb_672aec9c_b534bbac,4.6,,Section
sec_pol_chubb_672aec9c_05732bf4,4.7,,Section
sec_pol_chubb_672aec9c_61cfbe95,5. Conditions,,Section
sec_pol_chubb_672aec9c_ed054fa5,5.1 Limit of Liability,,Section
sec_pol_chubb_672aec9c_04192af4,5.2 Related Claims and Matters,,Section
sec_pol_chubb_672aec9c_644aa58f,5.3 Retention,,Section
sec_pol_chubb_672aec9c_f1da2be7,"5.4 Notification of Claims, Investigations and Reporting Circumstances",,Section
sec_pol_chubb_672aec9c_5b4ba2e1,5.5 Conduct of Proceedings,,Section
sec_pol_chubb_672aec9c_762772ca,5.6 Advancement of Defence Costs and Allocation of Loss,,Section
sec_pol_chubb_672aec9c_02670b34,5.7 Takeovers and Mergers,,Section
sec_pol_chubb_672aec9c_e74c0f85,5.8 Other Insurance,,Section
sec_pol_chubb_672aec9c_0afc98e4,5.9 Subrogation,,Section
sec_pol_chubb_672aec9c_dacfa7e4,5.10 Authorisation,,Section
sec_pol_chubb_672aec9c_5bdf1fbd,5.11 Non-assignment,,Section
sec_pol_chubb_672aec9c_02d46e69,5.12 Policy Interpretation,,Section
sec_pol_chubb_672aec9c_7da63e9e,5.13 Order of Payments,,Section
sec_pol_chubb_672aec9c_aba2571b,5.14 Sanctions,,Section
sec_pol_chubb_672aec9c_161ade74,5.15 Contracts (Rights of Third Parties),,Section
sec_pol_chubb_672aec9c_189b8ba9,6. Discovery Period,,Section
sec_pol_chubb_672aec9c_8d167bd5,7. Non-avoidance and Severability,,Section
sec_pol_chubb_672aec9c_f2463e8e,Personal Information Collection Statement,,Section
sec_pol_chubb_672aec9c_22f45ff3,(a) Purposes of Collection of Personal Data,,Section
sec_pol_chubb_672aec9c_4135249b,(b) Direct marketing,,Section
sec_pol_chubb_672aec9c_81ceb0e5,(c) Transfer of Personal Data,,Section
sec_pol_chubb_672aec9c_6d5cb8ed,(d) Access and correction of Personal Data,,Section
sec_pol_chubb_672aec9c_a9f9b760,About Chubb in Hong Kong SAR,,Section
sec_pol_chubb_672aec9c_b56a24f7,Contact Us,,Section
sec_pol_allianz(agcs)_63eaac4d_3c62ef76,Allianz D&O,,Section
sec_pol_allianz(agcs)_63eaac4d_060a0432,Protect,,Section
sec_pol_allianz(agcs)_63eaac4d_5b38d2d9,Directors & Officers Liability,,Section
sec_pol_allianz(agcs)_63eaac4d_f02cce7a,Policyholder,,Section
sec_pol_allianz(agcs)_63eaac4d_c74d5a7e,Allianz Global Corporate & Specialty SE,,Section
sec_pol_allianz(agcs)_63eaac4d_55e8946f,(incorporated in the Federal Republic of Germany with limited liabilities),,Section
sec_pol_allianz(agcs)_63eaac4d_b88e8fed,Hong Kong Branch,,Section
sec_pol_allianz(agcs)_63eaac4d_f202968e,Directors and Officers Liability Insurance,,Section
sec_pol_allianz(agcs)_63eaac4d_e4ea5529,Schedule,,Section
sec_pol_allianz(agcs)_63eaac4d_b056e8c1,Allianz Global Corporate & Specialty SE,,Section
sec_pol_allianz(agcs)_63eaac4d_25ad5c86,(incorporated in the Federal Republic of Germany with limited liabilities),,Section
sec_pol_allianz(agcs)_63eaac4d_0ecab4f0,Hong Kong Branch,,Section
sec_pol_allianz(agcs)_63eaac4d_b70361e4,In respect of Cover 1.5. Investigation Cover:,,Section
sec_pol_allianz(agcs)_63eaac4d_8592646c,5. Investigation Cost for Insured:,,Section
sec_pol_allianz(agcs)_63eaac4d_8de24fd0,6. Investigation Costs for Company Reimbursement:,,Section
sec_pol_allianz(agcs)_63eaac4d_295015e9,Endorsements:,,Section
sec_pol_allianz(agcs)_63eaac4d_993ed2c5,IIP Endorsements:,,Section
sec_pol_allianz(agcs)_63eaac4d_54d9efea,Signed and dated on behalf of Allianz Global Corporate & Specialty SE:,,Section
sec_pol_allianz(agcs)_63eaac4d_4147fae5,Allianz Global Corporate & Specialty SE,,Section
sec_pol_allianz(agcs)_63eaac4d_17a740da,(incorporated in the Federal Republic of Germany with limited liabilities),,Section
sec_pol_allianz(agcs)_63eaac4d_8e3622df,Hong Kong Branch,,Section
sec_pol_allianz(agcs)_63eaac4d_982249ed,Directors and Officers Liability Insurance,,Section
sec_pol_allianz(agcs)_63eaac4d_fdefc148,1. Insurance Covers,,Section
sec_pol_allianz(agcs)_63eaac4d_54907c64,1.1. Directors & Officers,,Section
sec_pol_allianz(agcs)_63eaac4d_28cc3d85,1.2. Company Reimbursement,,Section
sec_pol_allianz(agcs)_63eaac4d_d42e08d6,1.3. Securities Claim,,Section
sec_pol_allianz(agcs)_63eaac4d_c634bbf7,1.4. Non-executive Additional Amount,,Section
sec_pol_allianz(agcs)_63eaac4d_f775a008,1.5. Investigation Cover,,Section
sec_pol_allianz(agcs)_63eaac4d_05219a96,2. Cover Extensions,,Section
sec_pol_allianz(agcs)_63eaac4d_e6137e1e,2.1 Assets and Liberty Proceeding Support,,Section
sec_pol_allianz(agcs)_63eaac4d_2a848ad0,Allianz Global Corporate & Specialty SE,,Section
sec_pol_allianz(agcs)_63eaac4d_d5199a4b,(incorporated in the Federal Republic of Germany with limited liabilities),,Section
sec_pol_allianz(agcs)_63eaac4d_7f44c9f0,Hong Kong Branch,,Section
sec_pol_allianz(agcs)_63eaac4d_ced9727f,2.2 Shareholder Claims Costs,,Section
sec_pol_allianz(agcs)_63eaac4d_dba9c41d,2.3 Personal Tax Liability,,Section
sec_pol_allianz(agcs)_63eaac4d_a02665b3,2.4 Mitigation Cost,,Section
sec_pol_allianz(agcs)_63eaac4d_265b38ac,2.5 Reputational Crisis Costs,,Section
sec_pol_allianz(agcs)_63eaac4d_93ce5459,2.6 Emergency Costs,,Section
sec_pol_allianz(agcs)_63eaac4d_e00b2b1e,Allianz Global Corporate & Specialty SE,,Section
sec_pol_allianz(agcs)_63eaac4d_1f0f591d,(incorporated in the Federal Republic of Germany with limited liabilities),,Section
sec_pol_allianz(agcs)_63eaac4d_fb36019e,Hong Kong Branch,,Section
sec_pol_allianz(agcs)_63eaac4d_eff48177,2.7 Cyber Liability,,Section
sec_pol_allianz(agcs)_63eaac4d_05369835,2.8 Class Certification Event Study Expenses,,Section
sec_pol_allianz(agcs)_63eaac4d_cdd9fadf,2.9 Interpretative Counsel for International Securities Claims,,Section
sec_pol_allianz(agcs)_63eaac4d_a5806b0b,2.10 K&R Cost Cover,,Section
sec_pol_allianz(agcs)_63eaac4d_13dcec35,2.11 Employed Lawyers Extension,,Section
sec_pol_allianz(agcs)_63eaac4d_a201f85c,Allianz Global Corporate & Specialty SE,,Section
sec_pol_allianz(agcs)_63eaac4d_a9d3c215,(incorporated in the Federal Republic of Germany with limited liabilities),,Section
sec_pol_allianz(agcs)_63eaac4d_f909c622,Hong Kong Branch,,Section
sec_pol_allianz(agcs)_63eaac4d_1cc2437a,3. Policy Extensions,,Section
sec_pol_allianz(agcs)_63eaac4d_21d6283d,3.1 Automatic New Subsidiary Cover,,Section
sec_pol_allianz(agcs)_63eaac4d_f09ffdda,3.2 Future Public Offerings Cover,,Section
sec_pol_allianz(agcs)_63eaac4d_ef80716f,3.3 Management buy-out,,Section
sec_pol_allianz(agcs)_63eaac4d_98e2166e,3.4 Discovery Period,,Section
sec_pol_allianz(agcs)_63eaac4d_d2c3993b,Allianz Global Corporate & Specialty SE,,Section
sec_pol_allianz(agcs)_63eaac4d_b1b46af3,(incorporated in the Federal Republic of Germany with limited liabilities),,Section
sec_pol_allianz(agcs)_63eaac4d_8090500e,Hong Kong Branch,,Section
sec_pol_allianz(agcs)_63eaac4d_1373d034,3.5 Past Insureds´ Life-time Cover,,Section
sec_pol_allianz(agcs)_63eaac4d_6c735ce1,3.6 International Jurisdiction Extension,,Section
sec_pol_allianz(agcs)_63eaac4d_422e410b,4 Definitions,,Section
sec_pol_allianz(agcs)_63eaac4d_4b7a1601,4.1 Approved Person,,Section
sec_pol_allianz(agcs)_63eaac4d_c3fca9e5,4.2 Asset and Liberty Proceedings,,Section
sec_pol_allianz(agcs)_63eaac4d_8290ff69,Allianz Global Corporate & Specialty SE,,Section
sec_pol_allianz(agcs)_63eaac4d_193fb992,(incorporated in the Federal Republic of Germany with limited liabilities),,Section
sec_pol_allianz(agcs)_63eaac4d_cec36a14,Hong Kong Branch,,Section
sec_pol_allianz(agcs)_63eaac4d_20bcf78d,"6. a deportation of an Insured following revocation of otherwise proper, current and valid immigration status for any reason other than such Insured’s conviction of a crime.",,Section
sec_pol_allianz(agcs)_63eaac4d_f3c7dec8,4.3 Change of Control means:,,Section
sec_pol_allianz(agcs)_63eaac4d_ff55ddf0,4.4 Claim means any:,,Section
sec_pol_allianz(agcs)_63eaac4d_57025d32,Allianz Global Corporate & Specialty SE,,Section
sec_pol_allianz(agcs)_63eaac4d_5b3cbf33,(incorporated in the Federal Republic of Germany with limited liabilities),,Section
sec_pol_allianz(agcs)_63eaac4d_8f7134ba,Hong Kong Branch,,Section
sec_pol_allianz(agcs)_63eaac4d_747a254c,4.5 Company,,Section
sec_pol_allianz(agcs)_63eaac4d_fff92b6a,4.6 Company Crisis Event,,Section
sec_pol_allianz(agcs)_63eaac4d_feb503c3,4.7 Confiscation Order,,Section
sec_pol_allianz(agcs)_63eaac4d_9556099e,4.8 Continuity Date,,Section
sec_pol_allianz(agcs)_63eaac4d_ab5174f6,4.9 Crisis Communication Consultant,,Section
sec_pol_allianz(agcs)_63eaac4d_61eb945c,4.10 Cyber Event,,Section
sec_pol_allianz(agcs)_63eaac4d_2f0e48aa,4.11 Deductible,,Section
sec_pol_allianz(agcs)_63eaac4d_4ec4eaea,Allianz Global Corporate & Specialty SE,,Section
sec_pol_allianz(agcs)_63eaac4d_2d0a3ef6,(incorporated in the Federal Republic of Germany with limited liabilities),,Section
sec_pol_allianz(agcs)_63eaac4d_f9fa960c,Hong Kong Branch,,Section
sec_pol_allianz(agcs)_63eaac4d_fab4627a,4.12 Defence Costs,,Section
sec_pol_allianz(agcs)_63eaac4d_a0b3705e,4.13 Discovery Period,,Section
sec_pol_allianz(agcs)_63eaac4d_cc68312a,4.14 Employed Lawyer,,Section
sec_pol_allianz(agcs)_63eaac4d_0e7ba765,4.15 Employee Benefits,,Section
sec_pol_allianz(agcs)_63eaac4d_edde9042,4.16 Employment Practice Wrongful Act,,Section
sec_pol_allianz(agcs)_63eaac4d_7d2a506f,4.17 External Administrator,,Section
sec_pol_allianz(agcs)_63eaac4d_e4278fd9,4.18 Extradition Proceedings,,Section
sec_pol_allianz(agcs)_63eaac4d_22182054,4.19 Insured,,Section
sec_pol_allianz(agcs)_63eaac4d_8ecc0528,Allianz Global Corporate & Specialty SE,,Section
sec_pol_allianz(agcs)_63eaac4d_d4aaef7c,(incorporated in the Federal Republic of Germany with limited liabilities),,Section
sec_pol_allianz(agcs)_63eaac4d_29e1aba0,Hong Kong Branch,,Section
sec_pol_allianz(agcs)_63eaac4d_09736d26,Allianz Global Corporate & Specialty SE,,Section
sec_pol_allianz(agcs)_63eaac4d_9e570254,Hong Kong Branch,,Section
sec_pol_allianz(agcs)_63eaac4d_e5850f6f,4.20 Insurer,,Section
sec_pol_allianz(agcs)_63eaac4d_bd6cb41e,4.21 Internal Investigation,,Section
sec_pol_allianz(agcs)_63eaac4d_d8a0e8b7,4.22 International Jurisdiction,,Section
sec_pol_allianz(agcs)_63eaac4d_0f1c2867,4.23 International Policy,,Section
sec_pol_allianz(agcs)_63eaac4d_7846fae3,4.24 Investigation,,Section
sec_pol_allianz(agcs)_63eaac4d_06f68501,Allianz Global Corporate & Specialty SE,,Section
sec_pol_allianz(agcs)_63eaac4d_622fff57,(incorporated in the Federal Republic of Germany with limited liabilities),,Section
sec_pol_allianz(agcs)_63eaac4d_6120e47b,Hong Kong Branch,,Section
sec_pol_allianz(agcs)_63eaac4d_1b31c2ab,4.25 Investigation Costs,,Section
sec_pol_allianz(agcs)_63eaac4d_41b6cde6,4.26 Kidnap Consultant,,Section
sec_pol_allianz(agcs)_63eaac4d_491057af,4.27 Kidnap Event,,Section
sec_pol_allianz(agcs)_63eaac4d_c86ec569,4.28 Kidnap Response Costs,,Section
sec_pol_allianz(agcs)_63eaac4d_a0acf4ae,4.29 Legal Services,,Section
sec_pol_allianz(agcs)_63eaac4d_2a78e917,Allianz Global Corporate & Specialty SE,,Section
sec_pol_allianz(agcs)_63eaac4d_72eac03f,(incorporated in the Federal Republic of Germany with limited liabilities),,Section
sec_pol_allianz(agcs)_63eaac4d_1229f6b9,Hong Kong Branch,,Section
sec_pol_allianz(agcs)_63eaac4d_4c7c4789,5.,,Section
sec_pol_allianz(agcs)_63eaac4d_504dbc9d,4.30 Limit of Liability,,Section
sec_pol_allianz(agcs)_63eaac4d_b827c5dd,4.31 Loss,,Section
sec_pol_allianz(agcs)_63eaac4d_667ed943,4.32 Manslaughter Wrongful Act,,Section
sec_pol_allianz(agcs)_63eaac4d_9fe1a081,4.33 Non-executive Director,,Section
sec_pol_allianz(agcs)_63eaac4d_b123ee17,Allianz Global Corporate & Specialty SE,,Section
sec_pol_allianz(agcs)_63eaac4d_f55dba43,(incorporated in the Federal Republic of Germany with limited liabilities),,Section
sec_pol_allianz(agcs)_63eaac4d_8b52cd3e,Hong Kong Branch,,Section
sec_pol_allianz(agcs)_63eaac4d_0006c696,4.34 Non-executive Additional Amount,,Section
sec_pol_allianz(agcs)_63eaac4d_8895e425,4.35 Non-Indemnifiable Loss,,Section
sec_pol_allianz(agcs)_63eaac4d_5410b3aa,4.36 Outside Entity,,Section
sec_pol_allianz(agcs)_63eaac4d_a366a04c,4.37 Outside Entity Director,,Section
sec_pol_allianz(agcs)_63eaac4d_cbb92e65,4.38 Past Insured,,Section
sec_pol_allianz(agcs)_63eaac4d_cf040fe4,4.39 Personal Expenses,,Section
sec_pol_allianz(agcs)_63eaac4d_029e01df,Allianz Global Corporate & Specialty SE,,Section
sec_pol_allianz(agcs)_63eaac4d_dbbaf4a5,(incorporated in the Federal Republic of Germany with limited liabilities),,Section
sec_pol_allianz(agcs)_63eaac4d_9c9e8af7,Hong Kong Branch,,Section
sec_pol_allianz(agcs)_63eaac4d_4cbfe0b7,4.40 Policyholder,,Section
sec_pol_allianz(agcs)_63eaac4d_76343469,4.41 Policy Period,,Section
sec_pol_allianz(agcs)_63eaac4d_ab8c2a87,4.42 Premium,,Section
sec_pol_allianz(agcs)_63eaac4d_3c56746e,4.43 Related Claim,,Section
sec_pol_allianz(agcs)_63eaac4d_5e564563,4.44 Reputational Crisis Costs,,Section
sec_pol_allianz(agcs)_63eaac4d_a0c7dafe,4.45 Sarbanes-Oxley,,Section
sec_pol_allianz(agcs)_63eaac4d_dae797b3,4.46 Securities,,Section
sec_pol_allianz(agcs)_63eaac4d_d50c9d14,4.47 Securities Claim,,Section
sec_pol_allianz(agcs)_63eaac4d_037b7276,Allianz Global Corporate & Specialty SE,,Section
sec_pol_allianz(agcs)_63eaac4d_15849627,(incorporated in the Federal Republic of Germany with limited liabilities),,Section
sec_pol_allianz(agcs)_63eaac4d_97ca30f3,Hong Kong Branch,,Section
sec_pol_allianz(agcs)_63eaac4d_6f584581,4.48 Self Report,,Section
sec_pol_allianz(agcs)_63eaac4d_be661419,4.49 Subsidiary,,Section
sec_pol_allianz(agcs)_63eaac4d_41b25497,4.50 Trustee,,Section
sec_pol_allianz(agcs)_63eaac4d_9fef7b59,4.51 United States of America,,Section
sec_pol_allianz(agcs)_63eaac4d_484d0596,4.52 Whistleblowing Legislation,,Section
sec_pol_allianz(agcs)_63eaac4d_b0b36015,4.53 Wrongful Act,,Section
sec_pol_allianz(agcs)_63eaac4d_d9f8526b,Allianz Global Corporate & Specialty SE,,Section
sec_pol_allianz(agcs)_63eaac4d_912cf0bf,(incorporated in the Federal Republic of Germany with limited liabilities),,Section
sec_pol_allianz(agcs)_63eaac4d_db7ba056,Hong Kong Branch,,Section
sec_pol_allianz(agcs)_63eaac4d_93c93778,5. Exclusions,,Section
sec_pol_allianz(agcs)_63eaac4d_e1611de8,5.1. Conduct,,Section
sec_pol_allianz(agcs)_63eaac4d_32f48837,5.2. Prior Claims / Circumstances,,Section
sec_pol_allianz(agcs)_63eaac4d_3f6b0a3a,5.3. Prior and Pending Litigation,,Section
sec_pol_allianz(agcs)_63eaac4d_76a1b884,5.4. Bodily Injury and Property Damage,,Section
sec_pol_allianz(agcs)_63eaac4d_c4b9b59a,Allianz Global Corporate & Specialty SE,,Section
sec_pol_allianz(agcs)_63eaac4d_8ff5b966,(incorporated in the Federal Republic of Germany with limited liabilities),,Section
sec_pol_allianz(agcs)_63eaac4d_fa04ffb0,Hong Kong Branch,,Section
sec_pol_allianz(agcs)_63eaac4d_7f0e4634,5.5. USA Company vs. Insured,,Section
sec_pol_allianz(agcs)_63eaac4d_8d52c0c5,5.6. Offering of Securities,,Section
sec_pol_allianz(agcs)_63eaac4d_f593db25,6. Claims,,Section
sec_pol_allianz(agcs)_63eaac4d_6b0bbcb0,6.1. Circumstances,,Section
sec_pol_allianz(agcs)_63eaac4d_abbd962c,6.2. Claim Notification,,Section
sec_pol_allianz(agcs)_63eaac4d_f0a4740f,Allianz Global Corporate & Specialty SE,,Section
sec_pol_allianz(agcs)_63eaac4d_8c6ee498,(incorporated in the Federal Republic of Germany with limited liabilities),,Section
sec_pol_allianz(agcs)_63eaac4d_3f9cfc6b,Hong Kong Branch,,Section
sec_pol_allianz(agcs)_63eaac4d_cf57f4d3,6.3. Defence and Settlement,,Section
sec_pol_allianz(agcs)_63eaac4d_c093ce00,6.4. Related Claims and Matters,,Section
sec_pol_allianz(agcs)_63eaac4d_185b3d50,Allianz Global Corporate & Specialty SE,,Section
sec_pol_allianz(agcs)_63eaac4d_a91c4e10,(incorporated in the Federal Republic of Germany with limited liabilities),,Section
sec_pol_allianz(agcs)_63eaac4d_ca65d3be,Hong Kong Branch,,Section
sec_pol_allianz(agcs)_63eaac4d_8c36dbca,6.5. Dispute Resolution,,Section
sec_pol_allianz(agcs)_63eaac4d_a165b439,6.6. Allocation,,Section
sec_pol_allianz(agcs)_63eaac4d_152ad092,6.7. Priority of Payment of Loss,,Section
sec_pol_allianz(agcs)_63eaac4d_8d4cb0b3,Allianz Global Corporate & Specialty SE,,Section
sec_pol_allianz(agcs)_63eaac4d_317c2877,(incorporated in the Federal Republic of Germany with limited liabilities),,Section
sec_pol_allianz(agcs)_63eaac4d_67b993af,Hong Kong Branch,,Section
sec_pol_allianz(agcs)_63eaac4d_5e3dc2b2,6.8. Subrogation,,Section
sec_pol_allianz(agcs)_63eaac4d_5146888b,7. Limit and Deductible,,Section
sec_pol_allianz(agcs)_63eaac4d_1d936f13,7.1. Limit of Liability,,Section
sec_pol_allianz(agcs)_63eaac4d_9fe88560,7.2. Deductible,,Section
sec_pol_allianz(agcs)_63eaac4d_ec562ba3,7.3. Other Insurance,,Section
sec_pol_allianz(agcs)_63eaac4d_30fecdc2,8. Severability and Non-Avoidance,,Section
sec_pol_allianz(agcs)_63eaac4d_0f7ede98,8.1. Severability,,Section
sec_pol_allianz(agcs)_63eaac4d_a5cb097e,Allianz Global Corporate & Specialty SE,,Section
sec_pol_allianz(agcs)_63eaac4d_e0da2045,(incorporated in the Federal Republic of Germany with limited liabilities),,Section
sec_pol_allianz(agcs)_63eaac4d_805b5904,Hong Kong Branch,,Section
sec_pol_allianz(agcs)_63eaac4d_db4b59cc,8.2. Non-Avoidance,,Section
sec_pol_allianz(agcs)_63eaac4d_689b8e77,9. General Provisions,,Section
sec_pol_allianz(agcs)_63eaac4d_90e1bb87,9.1. Change of Control,,Section
sec_pol_allianz(agcs)_63eaac4d_a425d6a8,9.2. Assignment,,Section
sec_pol_allianz(agcs)_63eaac4d_694593cf,9.3. Complaints,,Section
sec_pol_allianz(agcs)_63eaac4d_5a9b5be8,9.4. Governing Law and Jurisdiction,,Section
sec_pol_allianz(agcs)_63eaac4d_35277c26,9.5. Geographical Scope,,Section
sec_pol_allianz(agcs)_63eaac4d_fa213254,9.6. Sanctions clause,,Section
sec_pol_allianz(agcs)_63eaac4d_4861540a,Allianz Global Corporate & Specialty SE,,Section
sec_pol_allianz(agcs)_63eaac4d_76f583d6,(incorporated in the Federal Republic of Germany with limited liabilities),,Section
sec_pol_allianz(agcs)_63eaac4d_42651aa8,Hong Kong Branch,,Section
sec_pol_allianz(agcs)_63eaac4d_100d576f,9.7. Contracts (Rights of Third Parties) Clause,,Section
sec_pol_allianz(agcs)_63eaac4d_f6e73e66,"9.8. Plurals, Headings and Titles",,Section
sec_pol_allianz(agcs)_63eaac4d_57f6e7ca,9.9. Cancellation,,Section
sec_pol_allianz(agcs)_63eaac4d_f61e31eb,10. Policy Administration,,Section
sec_pol_qbe_f4a74bc3_4dec7d09,Commercial Management,,Section
sec_pol_qbe_f4a74bc3_e685ebc3,Liability Insurance,,Section
sec_pol_qbe_f4a74bc3_f65a9a56,QBE,,Section
sec_pol_qbe_f4a74bc3_8c351d3a,Contents,,Section
sec_pol_qbe_f4a74bc3_69736090,QBE Commercial management liability insurance policy | DOLCML001-Q-0416,,Section
sec_pol_qbe_f4a74bc3_1811ee80,Section 1 - insuring agreements,,Section
sec_pol_qbe_f4a74bc3_e199c31f,Section 2 - extensions,,Section
sec_pol_qbe_f4a74bc3_2ef22fe8,REGULATORY CRISIS,,Section
sec_pol_qbe_f4a74bc3_4a9ef9bf,MITIGATION COSTS,,Section
sec_pol_qbe_f4a74bc3_94f002da,EMERGENCY COSTS,,Section
sec_pol_qbe_f4a74bc3_53fd8ffb,PROSECUTION COSTS,,Section
sec_pol_qbe_f4a74bc3_f504db80,DEPRIVATION OF ASSETS EXPENSES,,Section
sec_pol_qbe_f4a74bc3_e2edb602,DAMAGE TO AN INSURED PERSONS REPUTATIONAL COSTS,,Section
sec_pol_qbe_f4a74bc3_1b36a985,SHAREHOLDER COSTS,,Section
sec_pol_qbe_f4a74bc3_1708d9fe,ADDITIONAL PROTECTION FOR PARENT COMPANY BOARD DIRECTORS’ AND NON-EXECUTIVE DIRECTORS,,Section
sec_pol_qbe_f4a74bc3_1d01ddb8,CIVIL FINES AND PENALTIES,,Section
sec_pol_qbe_f4a74bc3_819533d6,RUN-OFF PERIOD FOR RETIRED INSURED PERSONS,,Section
sec_pol_qbe_f4a74bc3_d2f34d9d,DISCOVERY PERIOD,,Section
sec_pol_qbe_f4a74bc3_31633aee,PERSONAL LIABILITY OF INSURED PERSONS FOR CORPORATE TAXES,,Section
sec_pol_qbe_f4a74bc3_af58bf67,INTERPRETIVE COUNSEL COSTS,,Section
sec_pol_qbe_f4a74bc3_ee0305de,TRAVEL AND ACCOMMODATION COSTS,,Section
sec_pol_qbe_f4a74bc3_baa6462e,REINSTATEMENT OF LIMIT OF LIABILITY (if recovery),,Section
sec_pol_qbe_f4a74bc3_fa26b772,LIBERALISATION FOR CLAIMS IN A FOREIGN JURISDICTION,,Section
sec_pol_qbe_f4a74bc3_a7feed4d,DIFFERENCE IN CONDITIONS,,Section
sec_pol_qbe_f4a74bc3_291fd931,QBE Commercial management liability insurance policy | DOLCML001-Q-0416</h7>,,Section
sec_pol_qbe_f4a74bc3_2dbaed42,Section 3 - exclusions,,Section
sec_pol_qbe_f4a74bc3_0116c9c7,CONDUCT,,Section
sec_pol_qbe_f4a74bc3_199cce07,EXISTING CLAIMS OR CIRCUMSTANCES,,Section
sec_pol_qbe_f4a74bc3_e7783c26,BODILY INJURY OR PROPERTY DAMAGE,,Section
sec_pol_qbe_f4a74bc3_ece3c9ed,PENSIONS,,Section
sec_pol_qbe_f4a74bc3_00a3f79d,COMPANY VERSUS INSURED PERSON,,Section
sec_pol_qbe_f4a74bc3_ed480949,OFFERINGS OF SECURITIES IN THE UNITED STATES OF AMERICA,,Section
sec_pol_qbe_f4a74bc3_d271beac,Section 4 - changes in risk,,Section
sec_pol_qbe_f4a74bc3_1af594a1,NEW SUBSIDIARIES,,Section
sec_pol_qbe_f4a74bc3_98fb436e,CHANGE IN CONTROL,,Section
sec_pol_qbe_f4a74bc3_80a53342,DISPOSAL,,Section
sec_pol_qbe_f4a74bc3_fef44785,NEW OUTSIDE DIRECTORSHIPS,,Section
sec_pol_qbe_f4a74bc3_0e0d6e05,NEW OFFERING OF SECURITIES,,Section
sec_pol_qbe_f4a74bc3_fab51da9,"Section 5 - limit of liability, indemnification and retentions",,Section
sec_pol_qbe_f4a74bc3_22af2376,LIMIT OF LIABILITY,,Section
sec_pol_qbe_f4a74bc3_c5b7d910,INSURER’S LIABILITY,,Section
sec_pol_qbe_f4a74bc3_fc160192,RETENTION - COMPANY REIMBURSEMENT,,Section
sec_pol_qbe_f4a74bc3_6618d422,INDEMNIFICATION BY THE COMPANY,,Section
sec_pol_qbe_f4a74bc3_cf6e12bc,NO INDEMNIFICATION,,Section
sec_pol_qbe_f4a74bc3_8ebedac4,RETENTION - SECURITIES CLAIM,,Section
sec_pol_qbe_f4a74bc3_7ff3fa78,5.7 SEPARATE RETENTIONS,,Section
sec_pol_qbe_f4a74bc3_521022dc,"Section 6 - defence, settlement and allocation of loss",,Section
sec_pol_qbe_f4a74bc3_a3e01f2c,DUTY TO DEFEND,,Section
sec_pol_qbe_f4a74bc3_7f3ff444,CONSENT TO COSTS AND EXPENSES,,Section
sec_pol_qbe_f4a74bc3_3b64a404,NO ADMISSION BY THE INSURED,,Section
sec_pol_qbe_f4a74bc3_344adfea,COSTS AND EXPENSES ADVANCED,,Section
sec_pol_qbe_f4a74bc3_877c80f7,REFUSAL TO INDEMNIFY,,Section
sec_pol_qbe_f4a74bc3_0881befb,ALLOCATION OF LOSS,,Section
sec_pol_qbe_f4a74bc3_e7e8b143,Section 7 - General Conditions,,Section
sec_pol_qbe_f4a74bc3_c14fbe31,NOTICE OF CLAIMS,,Section
sec_pol_qbe_f4a74bc3_b860a930,INTERRELATED CLAIMS,,Section
sec_pol_qbe_f4a74bc3_5199cf38,OTHER INSURANCE,,Section
sec_pol_qbe_f4a74bc3_19670cf7,PRIORITY OF PAYMENTS,,Section
sec_pol_qbe_f4a74bc3_298963de,CANCELLATION,,Section
sec_pol_qbe_f4a74bc3_f8164a50,REMEDIES FOR MISREPRESENTATION AND NON-DISCLOSURE,,Section
sec_pol_qbe_f4a74bc3_b72b4871,NO IMPUTATION,,Section
sec_pol_qbe_f4a74bc3_926eeb54,ASSISTANCE AND COOPERATION,,Section
sec_pol_qbe_f4a74bc3_27e985ca,SUBROGATION,,Section
sec_pol_qbe_f4a74bc3_9f383dbf,EXHAUSTION,,Section
sec_pol_qbe_f4a74bc3_9d3eb5a9,SANCTIONS LIMITATION,,Section
sec_pol_qbe_f4a74bc3_b6cca23e,7.12 ALTERATION AND ASSIGNMENT,,Section
sec_pol_qbe_f4a74bc3_ea579293,"7.13 AUTHORISATION, NOTICES AND AMENDMENTS TO THE POLICY",,Section
sec_pol_qbe_f4a74bc3_7a81b0e3,7.14 CONFIDENTIALITY,,Section
sec_pol_qbe_f4a74bc3_153814d1,7.15 CONTRACTS (RIGHTS OF THIRD PARTIES) ORDINANCE (CAP.623),,Section
sec_pol_qbe_f4a74bc3_a7d43b2a,7.16 GOVERNING LAW AND ARBITRATION,,Section
sec_pol_qbe_f4a74bc3_75ff6ca6,18,,Section
sec_pol_qbe_f4a74bc3_fe5a2b74,QBE Commercial management liability insurance policy | DOLCML001-Q-0416,,Section
sec_pol_qbe_f4a74bc3_7d537b9e,Section 8 – complaints,,Section
sec_pol_qbe_f4a74bc3_98efc618,Section 9– Personal Data (Privacy) Ordinance (CAP. 486),,Section
sec_pol_qbe_f4a74bc3_f3f3c418,Section 10 – definitions,,Section
sec_pol_qbe_f4a74bc3_eb77bc82,DERIVATIVE DEMAND,,Section
sec_pol_qbe_f4a74bc3_e5cd0687,DERIVATIVE INVESTIGATION,,Section
sec_pol_qbe_f4a74bc3_370110f0,DISCOVERY PERIOD,,Section
sec_pol_qbe_f4a74bc3_ceaab3d2,EMPLOYMENT PRACTICES CLAIM,,Section
sec_pol_qbe_f4a74bc3_61e805f1,EMPLOYMENT PRACTICES WRONGFUL ACT,,Section
sec_pol_qbe_f4a74bc3_d3ec5011,ENVIRONMENTAL VIOLATION,,Section
sec_pol_qbe_f4a74bc3_f805d999,EXTRADITION PROCEEDING,,Section
sec_pol_qbe_f4a74bc3_ce41ae1f,FINANCIAL INSTITUTION,,Section
sec_pol_qbe_f4a74bc3_7a397985,FOREIGN JURISDICTION,,Section
sec_pol_qbe_f4a74bc3_e406c146,FOREIGN POLICY,,Section
sec_pol_qbe_f4a74bc3_dcc103d7,INSURED,,Section
sec_pol_qbe_f4a74bc3_7df662a3,INSURED PERSON,,Section
sec_pol_qbe_f4a74bc3_2450ec84,INVESTIGATION,,Section
sec_pol_qbe_f4a74bc3_803def09,LIMIT OF LIABILITY,,Section
sec_pol_qbe_f4a74bc3_3b111c50,LOSS,,Section
sec_pol_qbe_f4a74bc3_df51ca48,NON-EXECUTIVE DIRECTOR,,Section
sec_pol_qbe_f4a74bc3_91c7d2a7,NON-INDEMNIFIABLE LOSS,,Section
sec_pol_qbe_f4a74bc3_12de2115,OFFICIAL ENTITY,,Section
sec_pol_qbe_f4a74bc3_a4bd412d,OUTSIDE DIRECTOR,,Section
sec_pol_qbe_f4a74bc3_3dfa33aa,OUTSIDE ENTITY,,Section
sec_pol_qbe_f4a74bc3_ebf94fba,PARENT COMPANY,,Section
sec_pol_qbe_f4a74bc3_5e730510,PARENT COMPANY DIRECTOR,,Section
sec_pol_qbe_f4a74bc3_335feb60,POLICY,,Section
sec_pol_qbe_f4a74bc3_5a230007,POLICY PERIOD,,Section
sec_pol_qbe_f4a74bc3_d6a5920c,PROPOSAL,,Section
sec_pol_qbe_f4a74bc3_53b75412,Definitions,,Section
sec_pol_liberty_1805efbe_ad77fe9c,Directors & Officers Liability Insurance,,Section
sec_pol_liberty_1805efbe_ab94f80d,POLICY SCHEDULE & WORDING,,Section
sec_pol_liberty_1805efbe_50c24464,Liberty Specialty Markets,,Section
sec_pol_liberty_1805efbe_60711610,Important Notice,,Section
sec_pol_liberty_1805efbe_a6761140,Policy Schedule,,Section
sec_pol_liberty_1805efbe_fd2b701c,EXTENDED REPORTING PERIOD,,Section
sec_pol_liberty_1805efbe_13346adb,CO-INSURANCE PERCENTAGE,,Section
sec_pol_liberty_1805efbe_8f8a7301,POLICY WORDING,,Section
sec_pol_liberty_1805efbe_6f30b243,CONTINUITY DATE,,Section
sec_pol_liberty_1805efbe_1fed39b2,ENDORSEMENTS,,Section
sec_pol_liberty_1805efbe_17f8a54f,AUTHORISED BY LIBERTY,,Section
sec_pol_liberty_1805efbe_9a85ffbb,Table of Contents,,Section
sec_pol_liberty_1805efbe_3029b8ea,1. Insuring Clauses,,Section
sec_pol_liberty_1805efbe_d90eda25,2. Extensions,,Section
sec_pol_liberty_1805efbe_514a034d,3. Optional Extensions,,Section
sec_pol_liberty_1805efbe_a5d09b43,4. Exclusions,,Section
sec_pol_liberty_1805efbe_dcd051c3,5. Claims Conditions,,Section
sec_pol_liberty_1805efbe_f4f18d1f,6. General Conditions,,Section
sec_pol_liberty_1805efbe_28135dbe,7. Definitions,,Section
sec_pol_liberty_1805efbe_c7b16746,Directors & Officers Liability Insurance,,Section
sec_pol_liberty_1805efbe_95c7fb35,1. Insuring Clauses,,Section
sec_pol_liberty_1805efbe_4777b832,1.1 Directors & Officers Liability,,Section
sec_pol_liberty_1805efbe_bfef2434,1.2 Company Reimbursement,,Section
sec_pol_liberty_1805efbe_738a965d,1.3 Self-Report & Inquiry Representation Costs,,Section
sec_pol_liberty_1805efbe_6a4be901,Policy Wording,,Section
sec_pol_liberty_1805efbe_e5356ea9,2. Extensions,,Section
sec_pol_liberty_1805efbe_c96536a4,2.1 Advancement of Costs & Expenses,,Section
sec_pol_liberty_1805efbe_3ca11f1b,2.2 Additional Side A Limit,,Section
sec_pol_liberty_1805efbe_62cf5c01,2.3 Asset & Liberty Expenses,,Section
sec_pol_liberty_1805efbe_bb0ff63d,2.4 Bail Bond & Civil Bond Expenses,,Section
sec_pol_liberty_1805efbe_2822cbc8,Directors & Officers Liability Insurance,,Section
sec_pol_liberty_1805efbe_9746d2c9,2.5 Change in Control,,Section
sec_pol_liberty_1805efbe_f3604ac4,2.6 Continuous Cover,,Section
sec_pol_liberty_1805efbe_497f8bb9,2.7 Emergency & Raid Expenses,,Section
sec_pol_liberty_1805efbe_3e0551f3,Directors & Officers Liability Insurance,,Section
sec_pol_liberty_1805efbe_229f2a9e,2.8 Extended Reporting Period,,Section
sec_pol_liberty_1805efbe_778a204f,2.9 Extradition Costs,,Section
sec_pol_liberty_1805efbe_ba9395a2,2.10 Fines & Penalties,,Section
sec_pol_liberty_1805efbe_183a96c8,2.11 Lifetime Cover for Former Insured Persons,,Section
sec_pol_liberty_1805efbe_ba8669a1,Directors & Officers Liability Insurance,,Section
sec_pol_liberty_1805efbe_7ecd8dd8,2.12 New Subsidiaries,,Section
sec_pol_liberty_1805efbe_e5fd06a3,2.13 Occupational Health & Safety Defence Costs,,Section
sec_pol_liberty_1805efbe_cf305ce1,2.14 Outside Directorships,,Section
sec_pol_liberty_1805efbe_ceff75fb,Directors & Officers Liability Insurance,,Section
sec_pol_liberty_1805efbe_d39dcb9e,2.15 Personal Taxation Liability,,Section
sec_pol_liberty_1805efbe_ac958209,2.16 Public Relations Expenses,,Section
sec_pol_liberty_1805efbe_99e54895,2.17 Reputation Protection Expenses,,Section
sec_pol_liberty_1805efbe_4802aca4,2.18 Subrogation Recoveries & Reinstatement of Limit,,Section
sec_pol_liberty_1805efbe_33ea1b8a,3. Optional Extensions,,Section
sec_pol_liberty_1805efbe_31af9ef6,3.1 Company Securities Liability,,Section
sec_pol_liberty_1805efbe_204e6ccc,3.2 Company Employment Practices Liability,,Section
sec_pol_liberty_1805efbe_c844cf17,Directors & Officers Liability Insurance,,Section
sec_pol_liberty_1805efbe_76d100b1,4. Exclusions,,Section
sec_pol_liberty_1805efbe_6098db5a,4.1 ERISA,,Section
sec_pol_liberty_1805efbe_9499c08f,4.2 Fraud & Dishonesty,,Section
sec_pol_liberty_1805efbe_886f6fad,Directors & Officers Liability Insurance,,Section
sec_pol_liberty_1805efbe_b75a13b8,4.3 Future Offering of Securities,,Section
sec_pol_liberty_1805efbe_c45c5f5a,4.4 North America: Company versus Insured,,Section
sec_pol_liberty_1805efbe_8e6f0cd8,4.5 Prior Matters,,Section
sec_pol_liberty_1805efbe_2a9200b1,4.6 Personal Injury & Property Damage,,Section
sec_pol_liberty_1805efbe_397f82e9,5. Claims Conditions,,Section
sec_pol_liberty_1805efbe_c5daf626,"5.1 Notification of Claims, Inquiries, Raids & Self-Reports",,Section
sec_pol_liberty_1805efbe_f04eee60,Directors & Officers Liability Insurance,,Section
sec_pol_liberty_1805efbe_c8ed2f22,5.2 Defence & Settlement,,Section
sec_pol_liberty_1805efbe_3af03f40,5.3 Contesting a Claim,,Section
sec_pol_liberty_1805efbe_c0ffb71d,5.4 Settling a Claim,,Section
sec_pol_liberty_1805efbe_bb53c3a5,Directors & Officers Liability Insurance,,Section
sec_pol_liberty_1805efbe_41e7fdb3,5.5 Allocation Clause,,Section
sec_pol_liberty_1805efbe_ab36087c,5.6 Order of Payments,,Section
sec_pol_liberty_1805efbe_30330511,5.7 Subrogation,,Section
sec_pol_liberty_1805efbe_0d9ddd7f,5.8 Other Insurance,,Section
sec_pol_liberty_1805efbe_ac1b3940,5.9 Excess Insurance,,Section
sec_pol_liberty_1805efbe_767d0ff1,6. General Conditions,,Section
sec_pol_liberty_1805efbe_490d422d,6.1 Premium Payment Warranty,,Section
sec_pol_liberty_1805efbe_3e7b0894,6.2 Limit of Liability,,Section
sec_pol_liberty_1805efbe_eac5a789,6.3 Excess,,Section
sec_pol_liberty_1805efbe_05ab38fd,6.4 Payments,,Section
sec_pol_liberty_1805efbe_17431c4c,6.5 Multiple Claims,,Section
sec_pol_liberty_1805efbe_db8894bd,6.6 Third Parties,,Section
sec_pol_liberty_1805efbe_25c45cc7,6.7 Assignment,,Section
sec_pol_liberty_1805efbe_1da02e44,Directors & Officers Liability Insurance,,Section
sec_pol_liberty_1805efbe_7d55ba5c,6.8 Valuation & Foreign Currency,,Section
sec_pol_liberty_1805efbe_526f54ee,6.9 Preservation of Right to Indemnity,,Section
sec_pol_liberty_1805efbe_a178928e,6.10 Severability of Proposal,,Section
sec_pol_liberty_1805efbe_2bd559fb,6.11 Policy Non-Avoidance,,Section
sec_pol_liberty_1805efbe_7ba09676,6.12 Non-Imputation,,Section
sec_pol_liberty_1805efbe_3668b40e,6.13 Awareness of the Company,,Section
sec_pol_liberty_1805efbe_a5c2aba8,6.14 Change in Control,,Section
sec_pol_liberty_1805efbe_fd3a2192,6.15 Governing Law,,Section
sec_pol_liberty_1805efbe_c09e91ff,Directors & Officers Liability Insurance,,Section
sec_pol_liberty_1805efbe_26c74039,"6.16 Breach of Economic, Trade or other Sanction or Law",,Section
sec_pol_liberty_1805efbe_b1b81019,6.17 Policy Interpretation & Construction,,Section
sec_pol_liberty_1805efbe_17b58854,6.18 Mediation & Arbitration,,Section
sec_pol_liberty_1805efbe_2b68be37,7. Definitions,,Section
sec_pol_liberty_1805efbe_ce40f06e,7.1 Change in Control,,Section
sec_pol_liberty_1805efbe_1910df6a,7.2 Claim,,Section
sec_pol_liberty_1805efbe_5088b822,Directors & Officers Liability Insurance,,Section
sec_pol_liberty_1805efbe_895714e4,7.3,,Section
sec_pol_liberty_1805efbe_6487e614,7.4,,Section
sec_pol_liberty_1805efbe_70e9949b,7.5,,Section
sec_pol_liberty_1805efbe_0a5918de,7.6,,Section
sec_pol_liberty_1805efbe_42d5be1e,7.7,,Section
sec_pol_liberty_1805efbe_bd4dd4b0,7.8,,Section
sec_pol_liberty_1805efbe_a55a2725,Directors & Officers Liability Insurance,,Section
sec_pol_liberty_1805efbe_3b466276,Definitions,,Section
sec_pol_liberty_1805efbe_5fbae203,Directors & Officers Liability Insurance,,Section
sec_pol_liberty_1805efbe_9b5b98db,7.16 Judicial Order,,Section
sec_pol_liberty_1805efbe_a02aceab,7.17 Liberty,,Section
sec_pol_liberty_1805efbe_74f881e2,7.18 Loss,,Section
sec_pol_liberty_1805efbe_13222cef,Directors & Officers Liability Insurance,,Section
sec_pol_liberty_1805efbe_6b828887,Definitions,,Section
sec_pol_liberty_1805efbe_f5f94025,Directors & Officers Liability Insurance,,Section
sec_pol_aig_dc5dd427_76def76a,AIG Insurance Hong Kong Limited,,Section
sec_pol_aig_dc5dd427_b0b1a22f,Corporate Liability Insurance – DragonshieldTM,,Section
sec_pol_aig_dc5dd427_3ff993f3,Non U.S. Securities,,Section
sec_pol_aig_dc5dd427_069b3d82,Dragonshield,,Section
sec_pol_aig_dc5dd427_002f7ca7,Corporate Liability Insurance – Non U.S. Securities,,Section
sec_pol_aig_dc5dd427_3c375be3,1. Covers,,Section
sec_pol_aig_dc5dd427_f1cdbd32,A. Insured Person Protections,,Section
sec_pol_aig_dc5dd427_982dca80,1.1 Management Liability,,Section
sec_pol_aig_dc5dd427_a213cbc8,B. Company Insurance Protections,,Section
sec_pol_aig_dc5dd427_17aba8ee,1.2 Company Securities,,Section
sec_pol_aig_dc5dd427_2e02c19e,1.3 Company Employment Practices Breach,,Section
sec_pol_aig_dc5dd427_3e311f9a,AIG Insurance Hong Kong Limited,,Section
sec_pol_aig_dc5dd427_7127ed07,DragonshieldTM,,Section
sec_pol_aig_dc5dd427_e775621d,Corporate Liability Insurance – Non U.S. Securities,,Section
sec_pol_aig_dc5dd427_343d9eba,2. Additional Protections,,Section
sec_pol_aig_dc5dd427_74d30140,2.1 Investigations and Regulatory Crisis Events,,Section
sec_pol_aig_dc5dd427_ce0528a0,2.2 Excess Limit Protection,,Section
sec_pol_aig_dc5dd427_5f71ce37,2.3 Bodily Injury & Property Damage Defence Costs,,Section
sec_pol_aig_dc5dd427_2a0f67d3,2.4 Emergency Costs,,Section
sec_pol_aig_dc5dd427_3e072453,2.5 Assets and Liberty,,Section
sec_pol_aig_dc5dd427_ca353704,AIG Insurance Hong Kong Limited,,Section
sec_pol_aig_dc5dd427_96ab3b2e,DragonshieldTM,,Section
sec_pol_aig_dc5dd427_16f63bc2,Corporate Liability Insurance – Non U.S. Securities,,Section
sec_pol_aig_dc5dd427_538a9eef,2.6 Public Relations Expenses,,Section
sec_pol_aig_dc5dd427_050821fd,2.7 Extradition,,Section
sec_pol_aig_dc5dd427_d1639bc0,2.8 Company Crisis Management Costs,,Section
sec_pol_aig_dc5dd427_bf9167b8,2.9 Environmental Violation,,Section
sec_pol_aig_dc5dd427_1346d13d,2.10 Investigation Costs for Derivative Demands,,Section
sec_pol_aig_dc5dd427_47eb0d0f,AIG Insurance Hong Kong Limited,,Section
sec_pol_aig_dc5dd427_7488f3e7,DragonshieldTM,,Section
sec_pol_aig_dc5dd427_9f3e8302,Corporate Liability Insurance – Non U.S. Securities,,Section
sec_pol_aig_dc5dd427_d9739889,2.11 Tax Liability,,Section
sec_pol_aig_dc5dd427_6174e9d4,2.12 Civil Fines and Civil Penalties,,Section
sec_pol_aig_dc5dd427_5ef638f7,2.13 Mitigation,,Section
sec_pol_aig_dc5dd427_9999b005,2.14 Specialist Counsel,,Section
sec_pol_aig_dc5dd427_2dd1e84f,AIG Insurance Hong Kong Limited,,Section
sec_pol_aig_dc5dd427_ff1fd979,DragonshieldTM,,Section
sec_pol_aig_dc5dd427_2598ed6f,Corporate Liability Insurance – Non U.S. Securities,,Section
sec_pol_aig_dc5dd427_0426bdbd,3. Extensions,,Section
sec_pol_aig_dc5dd427_6e913c6c,3.1 Automatic New Subsidiary,,Section
sec_pol_aig_dc5dd427_35afc783,AIG Insurance Hong Kong Limited,,Section
sec_pol_aig_dc5dd427_e661ad41,DragonshieldTM,,Section
sec_pol_aig_dc5dd427_e137fd01,Corporate Liability Insurance – Non U.S. Securities,,Section
sec_pol_aig_dc5dd427_32dd7d3e,3.2 Elective Reinstatement Limit,,Section
sec_pol_aig_dc5dd427_0f0305a0,3.3 Blanket DIC,,Section
sec_pol_aig_dc5dd427_2ee8c8ad,AIG Insurance Hong Kong Limited,,Section
sec_pol_aig_dc5dd427_1aac921f,DragonshieldTM,,Section
sec_pol_aig_dc5dd427_8ac6edf3,Corporate Liability Insurance – Non U.S. Securities,,Section
sec_pol_aig_dc5dd427_a80c46e5,3.4 Global Liberalization,,Section
sec_pol_aig_dc5dd427_156cfd30,3.5 Discovery,,Section
sec_pol_aig_dc5dd427_9a15d676,3.6 Lifetime Run Off for Retired Insured Persons,,Section
sec_pol_aig_dc5dd427_1160c75b,AIG Insurance Hong Kong Limited,,Section
sec_pol_aig_dc5dd427_80cf9f73,DragonshieldTM,,Section
sec_pol_aig_dc5dd427_6e5bd008,Corporate Liability Insurance – Non U.S. Securities,,Section
sec_pol_aig_dc5dd427_4774a8a4,3.7 Continuous Cover,,Section
sec_pol_aig_dc5dd427_d27627fa,4. Exclusions,,Section
sec_pol_aig_dc5dd427_929a901f,4.1 Conduct,,Section
sec_pol_aig_dc5dd427_1585525f,4.2 Prior Insured Events and Circumstances,,Section
sec_pol_aig_dc5dd427_f90eb518,AIG Insurance Hong Kong Limited,,Section
sec_pol_aig_dc5dd427_4113b814,DragonshieldTM,,Section
sec_pol_aig_dc5dd427_1c682412,Corporate Liability Insurance – Non U.S. Securities,,Section
sec_pol_aig_dc5dd427_9ef65824,4.3 Bodily Injury and Property Damage,,Section
sec_pol_aig_dc5dd427_73cbcbc1,4.4 US Claims Brought by any Company or Outside Entity,,Section
sec_pol_aig_dc5dd427_847eade9,4.5 Employment Retirement Income Security Act (ERISA),,Section
sec_pol_aig_dc5dd427_fe003689,AIG Insurance Hong Kong Limited,,Section
sec_pol_aig_dc5dd427_a52ac7cc,DragonshieldTM,,Section
sec_pol_aig_dc5dd427_23d3aba3,Corporate Liability Insurance – Non U.S. Securities,,Section
sec_pol_aig_dc5dd427_f04bca23,4.6 SEC Claims,,Section
sec_pol_aig_dc5dd427_9fe9f426,4.7 Foreign Jurisdiction IPO,,Section
sec_pol_aig_dc5dd427_889009ad,AIG Insurance Hong Kong Limited,,Section
sec_pol_aig_dc5dd427_31617346,DragonshieldTM,,Section
sec_pol_aig_dc5dd427_2894cdf2,Corporate Liability Insurance – Non U.S. Securities,,Section
sec_pol_aig_dc5dd427_a4167085,5. Definitions,,Section
sec_pol_aig_dc5dd427_31611ab9,5.1 Additional Limit,,Section
sec_pol_aig_dc5dd427_ec8d4cca,5.2 Application,,Section
sec_pol_aig_dc5dd427_dfbc6a19,5.3 Assets and Liberty Defence Costs,,Section
sec_pol_aig_dc5dd427_d462c1d0,5.4 Assets and Liberty Expenses,,Section
sec_pol_aig_dc5dd427_286a832f,AIG Insurance Hong Kong Limited,,Section
sec_pol_aig_dc5dd427_0f9facf7,DragonshieldTM,,Section
sec_pol_aig_dc5dd427_164b15ff,Corporate Liability Insurance – Non U.S. Securities,,Section
sec_pol_aig_dc5dd427_8e5b0c65,5.5 Assets and Liberty Proceeding,,Section
sec_pol_aig_dc5dd427_a0e03dd4,5.6 Bail Bond and Civil Bond Premium,,Section
sec_pol_aig_dc5dd427_32e616a6,5.7 Bodily Injury or Property Damage,,Section
sec_pol_aig_dc5dd427_59dd7057,5.8 Claim,,Section
sec_pol_aig_dc5dd427_1929b756,AIG Insurance Hong Kong Limited,,Section
sec_pol_aig_dc5dd427_6839bf17,DragonshieldTM,,Section
sec_pol_aig_dc5dd427_5afe0ae4,Corporate Liability Insurance – Non U.S. Securities,,Section
sec_pol_aig_dc5dd427_610481b8,5.9 Company,,Section
sec_pol_aig_dc5dd427_ea9dfad9,5.10 Complaining Shareholder,,Section
sec_pol_aig_dc5dd427_1ed0447d,5.11 Continuity Date,,Section
sec_pol_aig_dc5dd427_ceee3e90,5.12 Defamation,,Section
sec_pol_aig_dc5dd427_52c7c911,5.13 Defence Costs,,Section
sec_pol_aig_dc5dd427_105f339d,5.14 Derivative Demand,,Section
sec_pol_aig_dc5dd427_9862ac0a,5.15 Derivative Demand Investigation,,Section
sec_pol_aig_dc5dd427_b75e0f1e,5.16 Derivative Demand Investigation Costs,,Section
sec_pol_aig_dc5dd427_d0e1a2fc,5.17 Director,,Section
sec_pol_aig_dc5dd427_160c9530,AIG Insurance Hong Kong Limited,,Section
sec_pol_aig_dc5dd427_7d9bc0b2,DragonshieldTM,,Section
sec_pol_aig_dc5dd427_6c83fd3d,Corporate Liability Insurance – Non U.S. Securities,,Section
sec_pol_aig_dc5dd427_4667266d,5.18 Discovery Period,,Section
sec_pol_aig_dc5dd427_d8f40f95,5.19 Emergency Costs,,Section
sec_pol_aig_dc5dd427_25ba02a0,5.20 Employee,,Section
sec_pol_aig_dc5dd427_8cc5a05f,5.21 Employment-Related Benefits,,Section
sec_pol_aig_dc5dd427_978f6931,5.22 Employment Practices Breach,,Section
sec_pol_aig_dc5dd427_7b6015cc,AIG Insurance Hong Kong Limited,,Section
sec_pol_aig_dc5dd427_a4445fd3,DragonshieldTM,,Section
sec_pol_aig_dc5dd427_1414bf04,Corporate Liability Insurance – Non U.S. Securities,,Section
sec_pol_aig_dc5dd427_0bd216dc,5.23 Environmental Condition,,Section
sec_pol_aig_dc5dd427_9d2548d9,5.24 Environmental Violation,,Section
sec_pol_aig_dc5dd427_0c747b06,5.25 Existing Policy,,Section
sec_pol_aig_dc5dd427_7aee1ee5,5.26 Extradition Costs,,Section
sec_pol_aig_dc5dd427_f839cb70,AIG Insurance Hong Kong Limited,,Section
sec_pol_aig_dc5dd427_cfd5b4c8,DragonshieldTM,,Section
sec_pol_aig_dc5dd427_11da8895,Corporate Liability Insurance – Non U.S. Securities,,Section
sec_pol_aig_dc5dd427_f34bf3ba,5.27 Financial Impairment,,Section
sec_pol_aig_dc5dd427_03c3520d,5.28 Foreign Jurisdiction,,Section
sec_pol_aig_dc5dd427_859f6e4e,5.29 Foreign Policy,,Section
sec_pol_aig_dc5dd427_92718f48,5.30 Gross Negligence Manslaughter Defence Costs,,Section
sec_pol_aig_dc5dd427_bafec9f2,5.31 Health & Safety Defence Costs,,Section
sec_pol_aig_dc5dd427_a25423d3,5.32 Insured,,Section
sec_pol_aig_dc5dd427_fa77f073,5.33 Insured Event,,Section
sec_pol_aig_dc5dd427_d9e98501,5.34 Insured Person,,Section
sec_pol_aig_dc5dd427_e2174632,AIG Insurance Hong Kong Limited,,Section
sec_pol_aig_dc5dd427_2acb513c,DragonshieldTM,,Section
sec_pol_aig_dc5dd427_0d7cc44a,Corporate Liability Insurance – Non U.S. Securities,,Section
sec_pol_aig_dc5dd427_ea95219c,AIG Insurance Hong Kong Limited,,Section
sec_pol_aig_dc5dd427_98f11f1b,DragonshieldTM,,Section
sec_pol_aig_dc5dd427_5263734d,Corporate Liability Insurance – Non U.S. Securities,,Section
sec_pol_aig_dc5dd427_db2befdf,5.39 Loss,,Section
sec_pol_aig_dc5dd427_d9401ec8,5.40 Mitigation Costs,,Section
sec_pol_aig_dc5dd427_eae6ca80,AIG Insurance Hong Kong Limited,,Section
sec_pol_aig_dc5dd427_315df408,DragonshieldTM,,Section
sec_pol_aig_dc5dd427_a6c843fe,Corporate Liability Insurance – Non U.S. Securities,,Section
sec_pol_aig_dc5dd427_22a075af,5.41 Mitigation Prosecution Costs,,Section
sec_pol_aig_dc5dd427_9b6cbb38,5.42 Non-Indemnifiable Loss,,Section
sec_pol_aig_dc5dd427_4d475724,5.43 Official Body,,Section
sec_pol_aig_dc5dd427_bb79eb1e,5.44 Outside Entity,,Section
sec_pol_aig_dc5dd427_f8b0b3a9,5.45 Outside Entity Director,,Section
sec_pol_aig_dc5dd427_e0472f30,5.46 Policy Period,,Section
sec_pol_aig_dc5dd427_e4c21451,5.47 Policyholder,,Section
sec_pol_aig_dc5dd427_91fec403,5.48 Professional Fees,,Section
sec_pol_aig_dc5dd427_3da13e0f,5.49 Prosecution Costs,,Section
sec_pol_aig_dc5dd427_003fb494,AIG Insurance Hong Kong Limited,,Section
sec_pol_aig_dc5dd427_762e116a,DragonshieldTM,,Section
sec_pol_aig_dc5dd427_e3726531,Corporate Liability Insurance – Non U.S. Securities,,Section
sec_pol_aig_dc5dd427_8ce54181,5.50 Public Relations Expenses,,Section
sec_pol_aig_dc5dd427_4b04ca52,5.51 Regulatory Crisis Event,,Section
sec_pol_aig_dc5dd427_696a2f3e,5.52 Regulatory Crisis Event Costs,,Section
sec_pol_aig_dc5dd427_7e803a4c,5.53 Retention,,Section
sec_pol_aig_dc5dd427_3c10e5b6,5.54 Security,,Section
sec_pol_aig_dc5dd427_c1ddc7d4,5.55 Securities Claim,,Section
sec_pol_aig_dc5dd427_2b8abf40,AIG Insurance Hong Kong Limited,,Section
sec_pol_aig_dc5dd427_c9773658,DragonshieldTM,,Section
sec_pol_aig_dc5dd427_1348d0a8,Corporate Liability Insurance – Non U.S. Securities,,Section
sec_pol_aig_dc5dd427_58c7b300,AIG Insurance Hong Kong Limited,,Section
sec_pol_aig_dc5dd427_8db62695,DragonshieldTM,,Section
sec_pol_aig_dc5dd427_1845c507,Corporate Liability Insurance – Non U.S. Securities,,Section
sec_pol_aig_dc5dd427_65622441,5.62 Tax Liability Defence Costs,,Section
sec_pol_aig_dc5dd427_811a48cf,5.63 Transaction,,Section
sec_pol_aig_dc5dd427_7b048558,5.64 Trustee,,Section
sec_pol_aig_dc5dd427_55c0dc66,5.65 US Claim,,Section
sec_pol_aig_dc5dd427_cab3a055,5.66 Wrongful Act,,Section
sec_pol_aig_dc5dd427_caa7f306,AIG Insurance Hong Kong Limited,,Section
sec_pol_aig_dc5dd427_a5fb0e86,DragonshieldTM,,Section
sec_pol_aig_dc5dd427_35cea410,Corporate Liability Insurance – Non U.S. Securities,,Section
sec_pol_aig_dc5dd427_b078fb51,6. Specific provisions relating to IPOs,,Section
sec_pol_aig_dc5dd427_5041cea4,6.1 IPO and Spin Out Automatic Cover,,Section
sec_pol_aig_dc5dd427_56ceac87,"6.2 Extension of Cover for IPOs, Spin Outs and US Securities",,Section
sec_pol_aig_dc5dd427_fb9ec000,AIG Insurance Hong Kong Limited,,Section
sec_pol_aig_dc5dd427_af6ce196,DragonshieldTM,,Section
sec_pol_aig_dc5dd427_c7723cd5,Corporate Liability Insurance – Non U.S. Securities,,Section
sec_pol_aig_dc5dd427_7888402d,7. Claims,,Section
sec_pol_aig_dc5dd427_88fe5d31,7.1 Notification of Insured Events and Circumstances,,Section
sec_pol_aig_dc5dd427_52008560,7.2 Notification of a Crisis Management Event,,Section
sec_pol_aig_dc5dd427_ede2c6af,AIG Insurance Hong Kong Limited,,Section
sec_pol_aig_dc5dd427_7e2e1826,DragonshieldTM,,Section
sec_pol_aig_dc5dd427_434ff79d,Corporate Liability Insurance – Non U.S. Securities,,Section
sec_pol_aig_dc5dd427_cfbcf7b2,7.3 Related Insured Events or Circumstances,,Section
sec_pol_aig_dc5dd427_137fcd21,7.4 Defence & Settlement,,Section
sec_pol_aig_dc5dd427_7bf09ebd,7.5 Consent,,Section
sec_pol_aig_dc5dd427_c3bee74d,7.6 Allocation,,Section
sec_pol_aig_dc5dd427_497c12e8,AIG Insurance Hong Kong Limited,,Section
sec_pol_aig_dc5dd427_8599e5b0,DragonshieldTM,,Section
sec_pol_aig_dc5dd427_b483a22f,Corporate Liability Insurance – Non U.S. Securities,,Section
sec_pol_aig_dc5dd427_8c42d5a9,7.7 Payment of Costs,,Section
sec_pol_aig_dc5dd427_a7828d77,7.8 Order of Payments,,Section
sec_pol_aig_dc5dd427_6d771c56,7.9 Subrogation,,Section
sec_pol_aig_dc5dd427_2785e2e4,7.10 Recovery of Limits,,Section
sec_pol_aig_dc5dd427_770bfd75,AIG Insurance Hong Kong Limited,,Section
sec_pol_aig_dc5dd427_c55f8f7b,DragonshieldTM,,Section
sec_pol_aig_dc5dd427_bc28d3b8,Corporate Liability Insurance – Non U.S. Securities,,Section
sec_pol_aig_dc5dd427_1f666ac7,8. Limit & Retention,,Section
sec_pol_aig_dc5dd427_53207894,8.1 Limit of Liability,,Section
sec_pol_aig_dc5dd427_997f817e,8.2 Retention,,Section
sec_pol_aig_dc5dd427_a11917e0,8.3 Other Insurance & Indemnification,,Section
sec_pol_aig_dc5dd427_804f0559,AIG Insurance Hong Kong Limited,,Section
sec_pol_aig_dc5dd427_aae8bffc,DragonshieldTM,,Section
sec_pol_aig_dc5dd427_da360d0e,Corporate Liability Insurance – Non U.S. Securities,,Section
sec_pol_aig_dc5dd427_c4ea2f3f,8.4 Outside Entity Indemnification,,Section
sec_pol_aig_dc5dd427_56a55b6d,AIG Insurance Hong Kong Limited,,Section
sec_pol_aig_dc5dd427_364c5d62,DragonshieldTM,,Section
sec_pol_aig_dc5dd427_852b6918,Corporate Liability Insurance – Non U.S. Securities,,Section
sec_pol_aig_dc5dd427_c34ffc0f,9. General Provisions,,Section
sec_pol_aig_dc5dd427_6493286f,9.1 Application and Reliance,,Section
sec_pol_aig_dc5dd427_36f2ef96,9.2 Option to Renew,,Section
sec_pol_aig_dc5dd427_8f48b9b4,AIG Insurance Hong Kong Limited,,Section
sec_pol_aig_dc5dd427_1c3e1724,DragonshieldTM,,Section
sec_pol_aig_dc5dd427_efb05888,Corporate Liability Insurance – Non U.S. Securities,,Section
sec_pol_aig_dc5dd427_8db48960,9.3 Non-Rescindability,,Section
sec_pol_aig_dc5dd427_2e770a13,9.4 Non-Payment,,Section
sec_pol_aig_dc5dd427_85c20ca5,9.5 Severable Nature of the Policy,,Section
sec_pol_aig_dc5dd427_d05b1b8d,9.6 Transactions,,Section
sec_pol_aig_dc5dd427_9e29ce63,9.7 Subsidiaries,,Section
sec_pol_aig_dc5dd427_f77ca76c,AIG Insurance Hong Kong Limited,,Section
sec_pol_aig_dc5dd427_a6cca0b3,DragonshieldTM,,Section
sec_pol_aig_dc5dd427_4a533b88,Corporate Liability Insurance – Non U.S. Securities,,Section
sec_pol_aig_dc5dd427_84ac1047,9.8 Outside Entities,,Section
sec_pol_aig_dc5dd427_dcb0f85b,9.9 Bankruptcy,,Section
sec_pol_aig_dc5dd427_56f78768,9.10 Disputes,,Section
sec_pol_aig_dc5dd427_f8e3022c,9.11 Notice & Authority,,Section
sec_pol_aig_dc5dd427_b036589b,9.12 Assignment,,Section
sec_pol_aig_dc5dd427_da509ac9,AIG Insurance Hong Kong Limited,,Section
sec_pol_aig_dc5dd427_17c6262e,DragonshieldTM,,Section
sec_pol_aig_dc5dd427_ac8fe24f,Corporate Liability Insurance – Non U.S. Securities,,Section
sec_pol_aig_dc5dd427_86acd376,9.13 Contracts (Rights of Third Parties) Ordinance,,Section
sec_pol_aig_dc5dd427_24640445,9.14 Governing Law,,Section
sec_pol_aig_dc5dd427_a14eb53f,9.15 Headings and Titles,,Section
sec_pol_unknown_27bc5d83_5e5023d0,D&O Liability Policy,,Section
sec_pol_unknown_27bc5d83_c477ce53,2015,,Section
sec_pol_unknown_27bc5d83_792db598,ZURICH,,Section
sec_pol_unknown_27bc5d83_091ea180,Directors & Officers Liability Insurance,,Section
sec_pol_unknown_27bc5d83_03fea5a5,Contents,,Section
sec_pol_unknown_27bc5d83_2198f51c,SECTION 1,,Section
sec_pol_unknown_27bc5d83_c70c175f,Insuring Clause,,Section
sec_pol_unknown_27bc5d83_64be717a,SECTION 2,,Section
sec_pol_unknown_27bc5d83_b84dbf65,Definitions,,Section
sec_pol_unknown_27bc5d83_f7d780ec,SECTION 3,,Section
sec_pol_unknown_27bc5d83_b2600b8b,Extensions to Cover,,Section
sec_pol_unknown_27bc5d83_d01741cb,SECTION 4,,Section
sec_pol_unknown_27bc5d83_fb00f384,Exclusions,,Section
sec_pol_unknown_27bc5d83_566976ae,SECTION 5,,Section
sec_pol_unknown_27bc5d83_dc10022b,"Creation, Acquisition and Disposal of Subsidiary Companies",,Section
sec_pol_unknown_27bc5d83_1b96df71,SECTION 6,,Section
sec_pol_unknown_27bc5d83_f6082b53,Change of Control and Public Offering,,Section
sec_pol_unknown_27bc5d83_e97e21f0,SECTION 7,,Section
sec_pol_unknown_27bc5d83_b1054038,"Defence Costs, Settlement and Allocation",,Section
sec_pol_unknown_27bc5d83_115ee6ca,SECTION 8,,Section
sec_pol_unknown_27bc5d83_c0945508,Limit of Liability,,Section
sec_pol_unknown_27bc5d83_c1170d74,SECTION 9,,Section
sec_pol_unknown_27bc5d83_d8b1b39e,Deductible,,Section
sec_pol_unknown_27bc5d83_ac79d037,SECTION 10,,Section
sec_pol_unknown_27bc5d83_db2f94ad,International Program Policies Specific Terms and Conditions,,Section
sec_pol_unknown_27bc5d83_564a1146,SECTION 11,,Section
sec_pol_unknown_27bc5d83_92f52e77,Territorial Scope,,Section
sec_pol_unknown_27bc5d83_0446f4b7,SECTION 12,,Section
sec_pol_unknown_27bc5d83_4581b531,Conditions,,Section
sec_pol_unknown_27bc5d83_76322985,Schedule,,Section
sec_pol_unknown_27bc5d83_d419e4ea,Item 7,,Section
sec_pol_unknown_27bc5d83_02899c85,Item 8,,Section
sec_pol_unknown_27bc5d83_35dd08ec,Item 9,,Section
sec_pol_unknown_27bc5d83_94dd1e44,Item 10,,Section
sec_pol_unknown_27bc5d83_7e8718cd,Item 11,,Section
sec_pol_unknown_27bc5d83_a2ef2ffd,Item 12,,Section
sec_pol_unknown_27bc5d83_15e0f995,Item 13,,Section
sec_pol_unknown_27bc5d83_4c1892e0,Policy Wording,,Section
sec_pol_unknown_27bc5d83_48e027e5,SECTION 1 Insuring Clause,,Section
sec_pol_unknown_27bc5d83_d6a9a41e,1.1 Insured Person Cover,,Section
sec_pol_unknown_27bc5d83_fcf03cc6,1.2 Company Reimbursement Cover,,Section
sec_pol_unknown_27bc5d83_b8cee684,1.3 Company Cover for Securities Claims,,Section
sec_pol_unknown_27bc5d83_cf7a8ced,1.4 Company Cover for Employment Claims,,Section
sec_pol_unknown_27bc5d83_cb281c32,1.5 Financial Interest Cover for Certain Foreign Territories,,Section
sec_pol_unknown_27bc5d83_343fc835,SECTION 2 Definitions,,Section
sec_pol_unknown_27bc5d83_05d35f3e,2.1,,Section
sec_pol_unknown_27bc5d83_d2966654,2.2,,Section
sec_pol_unknown_27bc5d83_702868f9,2.3,,Section
sec_pol_unknown_27bc5d83_a6f67674,2.4,,Section
sec_pol_unknown_27bc5d83_da914eb6,2.5 Claim shall mean:,,Section
sec_pol_unknown_27bc5d83_60a748a3,2.6 Company shall mean:,,Section
sec_pol_unknown_27bc5d83_6b5f4276,2.7 Continuity Date shall mean,,Section
sec_pol_unknown_27bc5d83_da42e2db,2.8 Corporate Manslaughter Proceeding shall mean,,Section
sec_pol_unknown_27bc5d83_af5c324d,2.9 Deductible shall mean,,Section
sec_pol_unknown_27bc5d83_9efef518,2.10 Defence Costs shall mean,,Section
sec_pol_unknown_27bc5d83_33f181c4,2.11 Deprivation of Assets Expenses,,Section
sec_pol_unknown_27bc5d83_be22bb78,2.12 Derivative Demand Investigation Costs,,Section
sec_pol_unknown_27bc5d83_6a3b0bd7,2.13 Director or Officer,,Section
sec_pol_unknown_27bc5d83_a8ab1dae,2.14,,Section
sec_pol_unknown_27bc5d83_8e3194e7,2.15,,Section
sec_pol_unknown_27bc5d83_34e6b154,2.16,,Section
sec_pol_unknown_27bc5d83_d5a084ad,2.17,,Section
sec_pol_unknown_27bc5d83_7e620921,2.18,,Section
sec_pol_unknown_27bc5d83_31a67c29,2.19,,Section
sec_pol_unknown_27bc5d83_b7f3a7b3,2.20,,Section
sec_pol_unknown_27bc5d83_1c18c9c2,2.21,,Section
sec_pol_unknown_27bc5d83_5cdd0b98,2.22,,Section
sec_pol_unknown_27bc5d83_72947abd,2.23 Financial Interest of the Policyholder,,Section
sec_pol_unknown_27bc5d83_081d5b5e,2.24 Financial Loss,,Section
sec_pol_unknown_27bc5d83_56837a86,"(viii) remuneration payable to any Insured, including:",,Section
sec_pol_unknown_27bc5d83_e3ad32fc,(ix) costs incurred by the Company to make premises more accessible or accommodating to persons with disabilities,,Section
sec_pol_unknown_27bc5d83_149838b2,(x) cost of any Insured’s time or costs or overhead of any Company or of any Outside Entity;,,Section
sec_pol_unknown_27bc5d83_78d54715,(xi) disgorgement; and,,Section
sec_pol_unknown_27bc5d83_05924d9f,"(xii) any amounts that the Insured is not legally liable, or the Insurer is prohibited by laws from paying to the Insured; or any matters that are uninsurable under the law of a relevant jurisdiction.",,Section
sec_pol_unknown_27bc5d83_85cb58da,2.25 Foreign Jurisdiction,,Section
sec_pol_unknown_27bc5d83_2e2c739a,2.26 Foreign Policy,,Section
sec_pol_unknown_27bc5d83_d0a88d7c,2.27 Indemnifiable Financial Loss,,Section
sec_pol_unknown_27bc5d83_5c574ffa,2.28 Insured,,Section
sec_pol_unknown_27bc5d83_49ac1d54,2.29 Insured Person(s),,Section
sec_pol_unknown_27bc5d83_19104313,2.30 Insurer,,Section
sec_pol_unknown_27bc5d83_f21a671b,2.31 International Program Policies,,Section
sec_pol_unknown_27bc5d83_76ea6f1b,2.32 Investigation,,Section
sec_pol_unknown_27bc5d83_987203ea,2.33 Investigation Costs,,Section
sec_pol_unknown_27bc5d83_25c2826d,2.34 Judicial Order shall mean:,,Section
sec_pol_unknown_27bc5d83_990ff0bb,2.35 Kidnap Response Costs shall mean,,Section
sec_pol_unknown_27bc5d83_018acd9d,2.36 Kidnapping Event shall mean,,Section
sec_pol_unknown_27bc5d83_db199870,2.37 Limit of Liability shall mean,,Section
sec_pol_unknown_27bc5d83_d2f1b376,2.38 Official Body shall mean,,Section
sec_pol_unknown_27bc5d83_26be8e00,2.39 Outside Entity shall mean,,Section
sec_pol_unknown_27bc5d83_b749468c,2.40 Outside Entity Executive,,Section
sec_pol_unknown_27bc5d83_0de33444,2.41 Period of Insurance,,Section
sec_pol_unknown_27bc5d83_b2c904d7,2.42 Personal Reputation Crisis,,Section
sec_pol_unknown_27bc5d83_a730494a,2.43 Personal Reputation Restoration Expenses,,Section
sec_pol_unknown_27bc5d83_3e8a3234,2.44 Policyholder,,Section
sec_pol_unknown_27bc5d83_2aa0e4e2,2.45 Pollution,,Section
sec_pol_unknown_27bc5d83_db670540,2.46 Pollutants,,Section
sec_pol_unknown_27bc5d83_2d5f0208,2.47 Pre-Claim,,Section
sec_pol_unknown_27bc5d83_2d4c6520,2.48 Pre-Claim Event,,Section
sec_pol_unknown_27bc5d83_67ea56c2,2.49 Property Damage,,Section
sec_pol_unknown_27bc5d83_d07f5bf3,2.50 Proposal,,Section
sec_pol_unknown_27bc5d83_6cb847d0,2.51 Prosecution Costs,,Section
sec_pol_unknown_27bc5d83_0ceef3d8,2.52 Restricted Foreign Jurisdiction,,Section
sec_pol_unknown_27bc5d83_3b4ad927,2.53 Securities,,Section
sec_pol_unknown_27bc5d83_b1450a69,2.54 Securities Claim,,Section
sec_pol_unknown_27bc5d83_4509304e,2.55 Security Holder Derivative Demand,,Section
sec_pol_unknown_27bc5d83_26d2a805,2.56 Shadow Director,,Section
sec_pol_unknown_27bc5d83_5c094c80,2.57 Sub-Limit of Liability,,Section
sec_pol_unknown_27bc5d83_6576e689,2.58 Subsidiary Company,,Section
sec_pol_unknown_27bc5d83_a0a3daa0,2.59 Third Party,,Section
sec_pol_unknown_27bc5d83_839d77a0,2.60 US Claim,,Section
sec_pol_unknown_27bc5d83_704238a8,2.61 US Securities Claim,,Section
sec_pol_unknown_27bc5d83_f5800a8b,2.62 Wrongful Act,,Section
sec_pol_unknown_27bc5d83_6d2fd210,2.63 ZURICH,,Section
sec_pol_unknown_27bc5d83_e1d1390f,SECTION 3 Extensions to Cover,,Section
sec_pol_unknown_27bc5d83_6e37a71c,3.1 Extended Reporting Period,,Section
sec_pol_unknown_27bc5d83_f48e4129,3.2 Marital Estates – Heirs – Legal Representatives,,Section
sec_pol_unknown_27bc5d83_f215f791,3.3 Policyholder’s Director or Officer and Outside Entity Executive Excess Limit of Liability,,Section
sec_pol_unknown_27bc5d83_20f7e536,3.4 Investigations,,Section
sec_pol_unknown_27bc5d83_eb31e81e,3.5 Pre-Claim Costs,,Section
sec_pol_unknown_27bc5d83_6391125d,3.6 Extradition Costs,,Section
sec_pol_unknown_27bc5d83_44601900,3.7 Prosecution Costs,,Section
sec_pol_unknown_27bc5d83_69f9d710,3.8 Civil or Bail Bond Expenses,,Section
sec_pol_unknown_27bc5d83_4d785f6d,3.9 Emergency Defence Costs,,Section
sec_pol_unknown_27bc5d83_395ee1ae,3.10 Indemnity Costs for Shareholder Derivative Claims,,Section
sec_pol_unknown_27bc5d83_9e34d8df,3.11 Occupational Health and Safety,,Section
sec_pol_unknown_27bc5d83_d62615de,3.12 Civil Fines and Penalties,,Section
sec_pol_unknown_27bc5d83_346c8aa9,3.13 Personal Reputation Restoration Expenses,,Section
sec_pol_unknown_27bc5d83_c8113178,3.14 Insured Person’s Liability for Unpaid Taxes,,Section
sec_pol_unknown_27bc5d83_92b64cd2,3.15 Deprivation of Assets,,Section
sec_pol_unknown_27bc5d83_f87aa603,3.16 Kidnapping Event,,Section
sec_pol_unknown_27bc5d83_f3afe0e9,3.17 Derivative Demand Investigation Costs,,Section
sec_pol_unknown_27bc5d83_33585bc4,3.18 Continuous Cover,,Section
sec_pol_unknown_27bc5d83_467cd667,3.19 Pollution Cover,,Section
sec_pol_unknown_27bc5d83_b286fb2c,3.20 Crisis Management Costs,,Section
sec_pol_unknown_27bc5d83_390b867c,3.21 Elective Reinstatement of Limit of Liability,,Section
sec_pol_unknown_27bc5d83_aa7caae2,SECTION 4 Exclusions,,Section
sec_pol_unknown_27bc5d83_4bcc0876,4.1 Conduct,,Section
sec_pol_unknown_27bc5d83_ee4a271d,4.2 Pending and Prior Claims and Circumstances,,Section
sec_pol_unknown_27bc5d83_3442fa71,4.3 Property Damage and Bodily Injury,,Section
sec_pol_unknown_27bc5d83_3219643f,4.4 Pension Trustee,,Section
sec_pol_unknown_27bc5d83_838b09c7,4.5 Insured v Insured for US Claims,,Section
sec_pol_unknown_27bc5d83_46c8cb38,"SECTION 5 Creation, Acquisition and Disposal of Subsidiary Companies",,Section
sec_pol_unknown_27bc5d83_c509b400,5.1,,Section
sec_pol_unknown_27bc5d83_43641354,5.2,,Section
sec_pol_unknown_27bc5d83_2ea56885,5.3,,Section
sec_pol_unknown_27bc5d83_c2920339,SECTION 6 Change of Control and Public Offering,,Section
sec_pol_unknown_27bc5d83_5c295d30,6.1,,Section
sec_pol_unknown_27bc5d83_2a130983,6.2,,Section
sec_pol_unknown_27bc5d83_4eeaafa9,"SECTION 7 Defence Costs, Settlement and Allocation",,Section
sec_pol_unknown_27bc5d83_76dc9e59,7.1 Duty to Defend,,Section
sec_pol_unknown_27bc5d83_2b88b2a1,7.2 Claims Participation and Cooperation,,Section
sec_pol_unknown_27bc5d83_a30921c2,7.3 Advancement of Costs,,Section
sec_pol_unknown_27bc5d83_faea5e3b,7.4 Consent,,Section
sec_pol_unknown_27bc5d83_b42d08e7,7.5 Allocation,,Section
sec_pol_unknown_27bc5d83_90917106,SECTION 8 Limit of Liability,,Section
sec_pol_unknown_27bc5d83_10837cd0,8.1,,Section
sec_pol_unknown_27bc5d83_1694a4bc,8.2,,Section
sec_pol_unknown_27bc5d83_51d46a87,8.3,,Section
sec_pol_unknown_27bc5d83_115f7f67,8.4,,Section
sec_pol_unknown_27bc5d83_383b627e,SECTION 9 Deductible,,Section
sec_pol_unknown_27bc5d83_b504f8c8,9.1,,Section
sec_pol_unknown_27bc5d83_7f05cc77,9.2,,Section
sec_pol_unknown_27bc5d83_645801f5,SECTION 10 International Program Policies Specific Terms and Conditions,,Section
sec_pol_unknown_27bc5d83_1311eb27,10.1 Non-Aggregation of Limits of Liability Clause,,Section
sec_pol_unknown_27bc5d83_88da91c4,10.2 Hold Harmless Agreement - Special Conditions regarding Aggregation,,Section
sec_pol_unknown_27bc5d83_bef75475,10.3 Notice and Authority for International Programs,,Section
sec_pol_unknown_27bc5d83_992e72d9,10.4 Cancellation and Non-renewal of International Program Policies,,Section
sec_pol_unknown_27bc5d83_6ec7322f,SECTION 11 Territorial Scope,,Section
sec_pol_unknown_27bc5d83_47423092,SECTION 12 Conditions,,Section
sec_pol_unknown_27bc5d83_8302c6a0,12.1 Notification,,Section
sec_pol_unknown_27bc5d83_f951c207,12.2 Related Claim or Circumstances,,Section
sec_pol_unknown_27bc5d83_b1e93b30,12.3 Subrogation,,Section
sec_pol_unknown_27bc5d83_724651e2,12.4 Severability,,Section
sec_pol_unknown_27bc5d83_8bd78a79,12.5 Other Insurance,,Section
sec_pol_unknown_27bc5d83_637329f7,12.6 Outside Entity Executive Condition,,Section
sec_pol_unknown_27bc5d83_f7ec4082,12.7 Applicable Law,,Section
sec_pol_unknown_27bc5d83_7d256e31,12.8 Plurals and Titles,,Section
sec_pol_unknown_27bc5d83_c6edac5d,12.9 Order of Payments,,Section
sec_pol_unknown_27bc5d83_3a97e6f9,12.10 Cancellation,,Section
sec_pol_unknown_27bc5d83_cbd5b5e9,12.11 Currency,,Section
sec_pol_unknown_27bc5d83_0245889e,12.12 Assignment,,Section
sec_pol_unknown_27bc5d83_001398ef,12.13 Rights of Third Parties,,Section
sec_pol_unknown_27bc5d83_3a824ad6,12.14 Data Protection,,Section
sec_pol_unknown_27bc5d83_4820284c,12.15 Sanctions,,Section
sec_pol_unknown_27bc5d83_c202f327,12.16 Dispute Resolution,,Section
sec_pol_unknown_27bc5d83_6213269a,Zurich Insurance Company Ltd,,Section
sec_pol_unknown_27bc5d83_f69e3a90,Zurich Hong Kong D&O for Public Companies,,Section
