:START_ID(Policy),:END_ID(Definition),:TYPE
pol_qbe_f4a74bc3,def_pol_qbe_f4a74bc3_IN_THIS_INSURANCE,HAS_DEFINITION
pol_qbe_f4a74bc3,def_pol_qbe_f4a74bc3_ADDITIONAL_PROTECTED_LIMIT,HAS_DEFINITION
pol_qbe_f4a74bc3,def_pol_qbe_f4a74bc3_CHANGE_IN_CONTROL,HAS_DEFINITION
pol_qbe_f4a74bc3,def_pol_qbe_f4a74bc3_(I)_IN_RELATION,HAS_DEFINITION
pol_qbe_f4a74bc3,def_pol_qbe_f4a74bc3_(II)_IN_RELATION,HAS_DEFINITION
pol_qbe_f4a74bc3,def_pol_qbe_f4a74bc3_COMPANY_MEANS_THE,HAS_DEFINITION
pol_qbe_f4a74bc3,def_pol_qbe_f4a74bc3_COMPANY_SECURITIES_CLAIM,HAS_DEFINITION
pol_qbe_f4a74bc3,def_pol_qbe_f4a74bc3_COSTS_AND_EXPENSES,HAS_DEFINITION
pol_qbe_f4a74bc3,def_pol_qbe_f4a74bc3_20_QBE_COMMERCIAL,HAS_DEFINITION
pol_qbe_f4a74bc3,def_pol_qbe_f4a74bc3_(VII)_THE_COMPANY,HAS_DEFINITION
pol_qbe_f4a74bc3,def_pol_qbe_f4a74bc3_QBE_MEANS_THE,HAS_DEFINITION
pol_qbe_f4a74bc3,def_pol_qbe_f4a74bc3_RETENTION_MEANS_THE,HAS_DEFINITION
pol_qbe_f4a74bc3,def_pol_qbe_f4a74bc3_RETIRED_INSURED_PERSON,HAS_DEFINITION
pol_qbe_f4a74bc3,def_pol_qbe_f4a74bc3_SECURITIES_MEANS_ANY,HAS_DEFINITION
pol_qbe_f4a74bc3,def_pol_qbe_f4a74bc3_SECURITIES_CLAIM_MEANS,HAS_DEFINITION
pol_qbe_f4a74bc3,def_pol_qbe_f4a74bc3_SECURITIES_WRONGFUL_ACT,HAS_DEFINITION
pol_qbe_f4a74bc3,def_pol_qbe_f4a74bc3_SUBSIDIARY_MEANS_ANY,HAS_DEFINITION
pol_qbe_f4a74bc3,def_pol_qbe_f4a74bc3_-_(I)_OWNS,HAS_DEFINITION
pol_qbe_f4a74bc3,def_pol_qbe_f4a74bc3_THE_COVER_PROVIDED,HAS_DEFINITION
pol_qbe_f4a74bc3,def_pol_qbe_f4a74bc3_UNRELATED_CLAIM_MEANS,HAS_DEFINITION
pol_qbe_f4a74bc3,def_pol_qbe_f4a74bc3_WRONGFUL_ACT_MEANS,HAS_DEFINITION
pol_qbe_f4a74bc3,def_pol_qbe_f4a74bc3_24_QBE_COMMERCIAL,HAS_DEFINITION
pol_liberty_1805efbe,def_pol_liberty_1805efbe_|7.1_CHANGE_IN,HAS_DEFINITION
pol_liberty_1805efbe,def_pol_liberty_1805efbe_LIBERTY_HK_D&O,HAS_DEFINITION
pol_liberty_1805efbe,def_pol_liberty_1805efbe_IN_THIS_POLICY,HAS_DEFINITION
pol_liberty_1805efbe,def_pol_liberty_1805efbe_7.9_EXTRADITION_PROCEEDING,HAS_DEFINITION
pol_liberty_1805efbe,def_pol_liberty_1805efbe_7.10_EXTENDED_REPORTING,HAS_DEFINITION
pol_liberty_1805efbe,def_pol_liberty_1805efbe_7.11_FINAL_ADJUDICATION,HAS_DEFINITION
pol_liberty_1805efbe,def_pol_liberty_1805efbe_-_(A)_IF,HAS_DEFINITION
pol_liberty_1805efbe,def_pol_liberty_1805efbe_7.12_INDUSTRIAL_INSTRUMENT,HAS_DEFINITION
pol_liberty_1805efbe,def_pol_liberty_1805efbe_-_(A)_AN,HAS_DEFINITION
pol_liberty_1805efbe,def_pol_liberty_1805efbe_7.13_INQUIRY_MEANS,HAS_DEFINITION
pol_liberty_1805efbe,def_pol_liberty_1805efbe_7.14_INSURED_MEANS,HAS_DEFINITION
pol_liberty_1805efbe,def_pol_liberty_1805efbe_7.15_INSURED_PERSON,HAS_DEFINITION
pol_liberty_1805efbe,def_pol_liberty_1805efbe_-_(A)_ANY,HAS_DEFINITION
pol_liberty_1805efbe,def_pol_liberty_1805efbe_7.19_NORTH_AMERICA,HAS_DEFINITION
pol_liberty_1805efbe,def_pol_liberty_1805efbe_7.20_OFFICER_MEANS,HAS_DEFINITION
pol_liberty_1805efbe,"def_pol_liberty_1805efbe_-_(A)_MAKES,",HAS_DEFINITION
pol_liberty_1805efbe,def_pol_liberty_1805efbe_7.21_POLICY_MEANS,HAS_DEFINITION
pol_liberty_1805efbe,def_pol_liberty_1805efbe_7.22_POLICY_PERIOD,HAS_DEFINITION
pol_liberty_1805efbe,def_pol_liberty_1805efbe_7.23_POLLUTANT_MEANS,HAS_DEFINITION
pol_liberty_1805efbe,def_pol_liberty_1805efbe_7.24_PREMIUM_MEANS,HAS_DEFINITION
pol_liberty_1805efbe,def_pol_liberty_1805efbe_7.25_RAID_MEANS,HAS_DEFINITION
pol_liberty_1805efbe,def_pol_liberty_1805efbe_7.26_RAID_EXPENSES,HAS_DEFINITION
pol_liberty_1805efbe,def_pol_liberty_1805efbe_7.27_SCHEDULE_MEANS,HAS_DEFINITION
pol_liberty_1805efbe,def_pol_liberty_1805efbe_7.28_SECURITIES_MEANS,HAS_DEFINITION
pol_liberty_1805efbe,def_pol_liberty_1805efbe_7.29_SECURITIES_CLAIM,HAS_DEFINITION
pol_liberty_1805efbe,def_pol_liberty_1805efbe_-_(A)_WRITTEN,HAS_DEFINITION
pol_liberty_1805efbe,def_pol_liberty_1805efbe_IN_RELATION_TO,HAS_DEFINITION
