:START_ID(Policy),:END_ID(Section),:TYPE
pol_chubb_672aec9c,sec_pol_chubb_672aec9c_2db6c4c1,HAS_SECTION
pol_chubb_672aec9c,sec_pol_chubb_672aec9c_c5cd925e,HAS_SECTION
pol_chubb_672aec9c,sec_pol_chubb_672aec9c_de3cf004,HAS_SECTION
pol_chubb_672aec9c,sec_pol_chubb_672aec9c_23b3d08b,HAS_SECTION
pol_chubb_672aec9c,sec_pol_chubb_672aec9c_d71f8c35,HAS_SECTION
pol_chubb_672aec9c,sec_pol_chubb_672aec9c_a605a850,HAS_SECTION
pol_chubb_672aec9c,sec_pol_chubb_672aec9c_136f0ac9,HAS_SECTION
pol_chubb_672aec9c,sec_pol_chubb_672aec9c_dacb4483,HAS_SECTION
pol_chubb_672aec9c,sec_pol_chubb_672aec9c_cdfd2b74,HAS_SECTION
pol_chubb_672aec9c,sec_pol_chubb_672aec9c_d65cfa4b,HAS_SECTION
pol_chubb_672aec9c,sec_pol_chubb_672aec9c_8c4b5df3,HAS_SECTION
pol_chubb_672aec9c,sec_pol_chubb_672aec9c_63b7c08c,HAS_SECTION
pol_chubb_672aec9c,sec_pol_chubb_672aec9c_4cc34120,HAS_SECTION
pol_chubb_672aec9c,sec_pol_chubb_672aec9c_2fa0b3ba,HAS_SECTION
pol_chubb_672aec9c,sec_pol_chubb_672aec9c_4a074956,HAS_SECTION
pol_chubb_672aec9c,sec_pol_chubb_672aec9c_b9d78bb7,HAS_SECTION
pol_chubb_672aec9c,sec_pol_chubb_672aec9c_7ef256eb,HAS_SECTION
pol_chubb_672aec9c,sec_pol_chubb_672aec9c_8d1ca4d3,HAS_SECTION
pol_chubb_672aec9c,sec_pol_chubb_672aec9c_7bd70d7d,HAS_SECTION
pol_chubb_672aec9c,sec_pol_chubb_672aec9c_9eff82aa,HAS_SECTION
pol_chubb_672aec9c,sec_pol_chubb_672aec9c_60c01cf2,HAS_SECTION
pol_chubb_672aec9c,sec_pol_chubb_672aec9c_453940ea,HAS_SECTION
pol_chubb_672aec9c,sec_pol_chubb_672aec9c_c5fa7472,HAS_SECTION
pol_chubb_672aec9c,sec_pol_chubb_672aec9c_bc1a6b43,HAS_SECTION
pol_chubb_672aec9c,sec_pol_chubb_672aec9c_a276875a,HAS_SECTION
pol_chubb_672aec9c,sec_pol_chubb_672aec9c_c558ab22,HAS_SECTION
pol_chubb_672aec9c,sec_pol_chubb_672aec9c_173cb127,HAS_SECTION
pol_chubb_672aec9c,sec_pol_chubb_672aec9c_06a7d8bc,HAS_SECTION
pol_chubb_672aec9c,sec_pol_chubb_672aec9c_80e43993,HAS_SECTION
pol_chubb_672aec9c,sec_pol_chubb_672aec9c_4082dd1e,HAS_SECTION
pol_chubb_672aec9c,sec_pol_chubb_672aec9c_dfe8a808,HAS_SECTION
pol_chubb_672aec9c,sec_pol_chubb_672aec9c_46ac9640,HAS_SECTION
pol_chubb_672aec9c,sec_pol_chubb_672aec9c_48d05fe8,HAS_SECTION
pol_chubb_672aec9c,sec_pol_chubb_672aec9c_c4097200,HAS_SECTION
pol_chubb_672aec9c,sec_pol_chubb_672aec9c_de84e1fd,HAS_SECTION
pol_chubb_672aec9c,sec_pol_chubb_672aec9c_65081eb7,HAS_SECTION
pol_chubb_672aec9c,sec_pol_chubb_672aec9c_7e814da7,HAS_SECTION
pol_chubb_672aec9c,sec_pol_chubb_672aec9c_9e60b3fe,HAS_SECTION
pol_chubb_672aec9c,sec_pol_chubb_672aec9c_1002efe6,HAS_SECTION
pol_chubb_672aec9c,sec_pol_chubb_672aec9c_ed219a2a,HAS_SECTION
pol_chubb_672aec9c,sec_pol_chubb_672aec9c_0d7267a1,HAS_SECTION
pol_chubb_672aec9c,sec_pol_chubb_672aec9c_d8909838,HAS_SECTION
pol_chubb_672aec9c,sec_pol_chubb_672aec9c_b0dd273a,HAS_SECTION
pol_chubb_672aec9c,sec_pol_chubb_672aec9c_3378cfb1,HAS_SECTION
pol_chubb_672aec9c,sec_pol_chubb_672aec9c_153776ae,HAS_SECTION
pol_chubb_672aec9c,sec_pol_chubb_672aec9c_cec989e0,HAS_SECTION
pol_chubb_672aec9c,sec_pol_chubb_672aec9c_4b7a2006,HAS_SECTION
pol_chubb_672aec9c,sec_pol_chubb_672aec9c_48a0b049,HAS_SECTION
pol_chubb_672aec9c,sec_pol_chubb_672aec9c_95a145c8,HAS_SECTION
pol_chubb_672aec9c,sec_pol_chubb_672aec9c_ee3dcee8,HAS_SECTION
pol_chubb_672aec9c,sec_pol_chubb_672aec9c_34600b52,HAS_SECTION
pol_chubb_672aec9c,sec_pol_chubb_672aec9c_3d8b508b,HAS_SECTION
pol_chubb_672aec9c,sec_pol_chubb_672aec9c_0ddb4dd4,HAS_SECTION
pol_chubb_672aec9c,sec_pol_chubb_672aec9c_71bd18d9,HAS_SECTION
pol_chubb_672aec9c,sec_pol_chubb_672aec9c_7a70a27c,HAS_SECTION
pol_chubb_672aec9c,sec_pol_chubb_672aec9c_727352ef,HAS_SECTION
pol_chubb_672aec9c,sec_pol_chubb_672aec9c_8a1477e8,HAS_SECTION
pol_chubb_672aec9c,sec_pol_chubb_672aec9c_10799949,HAS_SECTION
pol_chubb_672aec9c,sec_pol_chubb_672aec9c_f1800b4b,HAS_SECTION
pol_chubb_672aec9c,sec_pol_chubb_672aec9c_2deac869,HAS_SECTION
pol_chubb_672aec9c,sec_pol_chubb_672aec9c_02b9762d,HAS_SECTION
pol_chubb_672aec9c,sec_pol_chubb_672aec9c_ab8b6867,HAS_SECTION
pol_chubb_672aec9c,sec_pol_chubb_672aec9c_1b02db90,HAS_SECTION
pol_chubb_672aec9c,sec_pol_chubb_672aec9c_d57b9b3b,HAS_SECTION
pol_chubb_672aec9c,sec_pol_chubb_672aec9c_ec94f579,HAS_SECTION
pol_chubb_672aec9c,sec_pol_chubb_672aec9c_b0d81a44,HAS_SECTION
pol_chubb_672aec9c,sec_pol_chubb_672aec9c_9acf1093,HAS_SECTION
pol_chubb_672aec9c,sec_pol_chubb_672aec9c_58162f48,HAS_SECTION
pol_chubb_672aec9c,sec_pol_chubb_672aec9c_7d3e2ca8,HAS_SECTION
pol_chubb_672aec9c,sec_pol_chubb_672aec9c_761deb4c,HAS_SECTION
pol_chubb_672aec9c,sec_pol_chubb_672aec9c_f4afc9c9,HAS_SECTION
pol_chubb_672aec9c,sec_pol_chubb_672aec9c_975b7420,HAS_SECTION
pol_chubb_672aec9c,sec_pol_chubb_672aec9c_01c801b4,HAS_SECTION
pol_chubb_672aec9c,sec_pol_chubb_672aec9c_df80ba65,HAS_SECTION
pol_chubb_672aec9c,sec_pol_chubb_672aec9c_780cd845,HAS_SECTION
pol_chubb_672aec9c,sec_pol_chubb_672aec9c_09408dd0,HAS_SECTION
pol_chubb_672aec9c,sec_pol_chubb_672aec9c_f9167c9d,HAS_SECTION
pol_chubb_672aec9c,sec_pol_chubb_672aec9c_10c99d7e,HAS_SECTION
pol_chubb_672aec9c,sec_pol_chubb_672aec9c_ca2fe430,HAS_SECTION
pol_chubb_672aec9c,sec_pol_chubb_672aec9c_b873bfbe,HAS_SECTION
pol_chubb_672aec9c,sec_pol_chubb_672aec9c_60bf6966,HAS_SECTION
pol_chubb_672aec9c,sec_pol_chubb_672aec9c_55e409f1,HAS_SECTION
pol_chubb_672aec9c,sec_pol_chubb_672aec9c_aae21906,HAS_SECTION
pol_chubb_672aec9c,sec_pol_chubb_672aec9c_513747de,HAS_SECTION
pol_chubb_672aec9c,sec_pol_chubb_672aec9c_8d80428d,HAS_SECTION
pol_chubb_672aec9c,sec_pol_chubb_672aec9c_ad9e6d6f,HAS_SECTION
pol_chubb_672aec9c,sec_pol_chubb_672aec9c_1ff3c41c,HAS_SECTION
pol_chubb_672aec9c,sec_pol_chubb_672aec9c_64fd1e78,HAS_SECTION
pol_chubb_672aec9c,sec_pol_chubb_672aec9c_896b54b6,HAS_SECTION
pol_chubb_672aec9c,sec_pol_chubb_672aec9c_d572914d,HAS_SECTION
pol_chubb_672aec9c,sec_pol_chubb_672aec9c_98f9313a,HAS_SECTION
pol_chubb_672aec9c,sec_pol_chubb_672aec9c_722d2714,HAS_SECTION
pol_chubb_672aec9c,sec_pol_chubb_672aec9c_110a697b,HAS_SECTION
pol_chubb_672aec9c,sec_pol_chubb_672aec9c_d2e954ac,HAS_SECTION
pol_chubb_672aec9c,sec_pol_chubb_672aec9c_0f5563f9,HAS_SECTION
pol_chubb_672aec9c,sec_pol_chubb_672aec9c_02368dd2,HAS_SECTION
pol_chubb_672aec9c,sec_pol_chubb_672aec9c_fe1bfa59,HAS_SECTION
pol_chubb_672aec9c,sec_pol_chubb_672aec9c_9d41c416,HAS_SECTION
pol_chubb_672aec9c,sec_pol_chubb_672aec9c_f1766f91,HAS_SECTION
pol_chubb_672aec9c,sec_pol_chubb_672aec9c_7ea48174,HAS_SECTION
pol_chubb_672aec9c,sec_pol_chubb_672aec9c_d3e7be34,HAS_SECTION
pol_chubb_672aec9c,sec_pol_chubb_672aec9c_b94f97de,HAS_SECTION
pol_chubb_672aec9c,sec_pol_chubb_672aec9c_6a02db05,HAS_SECTION
pol_chubb_672aec9c,sec_pol_chubb_672aec9c_3a52e0d0,HAS_SECTION
pol_chubb_672aec9c,sec_pol_chubb_672aec9c_b7de0a91,HAS_SECTION
pol_chubb_672aec9c,sec_pol_chubb_672aec9c_99075cd8,HAS_SECTION
pol_chubb_672aec9c,sec_pol_chubb_672aec9c_891c9042,HAS_SECTION
pol_chubb_672aec9c,sec_pol_chubb_672aec9c_111a2f12,HAS_SECTION
pol_chubb_672aec9c,sec_pol_chubb_672aec9c_1a910004,HAS_SECTION
pol_chubb_672aec9c,sec_pol_chubb_672aec9c_b534bbac,HAS_SECTION
pol_chubb_672aec9c,sec_pol_chubb_672aec9c_05732bf4,HAS_SECTION
pol_chubb_672aec9c,sec_pol_chubb_672aec9c_61cfbe95,HAS_SECTION
pol_chubb_672aec9c,sec_pol_chubb_672aec9c_ed054fa5,HAS_SECTION
pol_chubb_672aec9c,sec_pol_chubb_672aec9c_04192af4,HAS_SECTION
pol_chubb_672aec9c,sec_pol_chubb_672aec9c_644aa58f,HAS_SECTION
pol_chubb_672aec9c,sec_pol_chubb_672aec9c_f1da2be7,HAS_SECTION
pol_chubb_672aec9c,sec_pol_chubb_672aec9c_5b4ba2e1,HAS_SECTION
pol_chubb_672aec9c,sec_pol_chubb_672aec9c_762772ca,HAS_SECTION
pol_chubb_672aec9c,sec_pol_chubb_672aec9c_02670b34,HAS_SECTION
pol_chubb_672aec9c,sec_pol_chubb_672aec9c_e74c0f85,HAS_SECTION
pol_chubb_672aec9c,sec_pol_chubb_672aec9c_0afc98e4,HAS_SECTION
pol_chubb_672aec9c,sec_pol_chubb_672aec9c_dacfa7e4,HAS_SECTION
pol_chubb_672aec9c,sec_pol_chubb_672aec9c_5bdf1fbd,HAS_SECTION
pol_chubb_672aec9c,sec_pol_chubb_672aec9c_02d46e69,HAS_SECTION
pol_chubb_672aec9c,sec_pol_chubb_672aec9c_7da63e9e,HAS_SECTION
pol_chubb_672aec9c,sec_pol_chubb_672aec9c_aba2571b,HAS_SECTION
pol_chubb_672aec9c,sec_pol_chubb_672aec9c_161ade74,HAS_SECTION
pol_chubb_672aec9c,sec_pol_chubb_672aec9c_189b8ba9,HAS_SECTION
pol_chubb_672aec9c,sec_pol_chubb_672aec9c_8d167bd5,HAS_SECTION
pol_chubb_672aec9c,sec_pol_chubb_672aec9c_f2463e8e,HAS_SECTION
pol_chubb_672aec9c,sec_pol_chubb_672aec9c_22f45ff3,HAS_SECTION
pol_chubb_672aec9c,sec_pol_chubb_672aec9c_4135249b,HAS_SECTION
pol_chubb_672aec9c,sec_pol_chubb_672aec9c_81ceb0e5,HAS_SECTION
pol_chubb_672aec9c,sec_pol_chubb_672aec9c_6d5cb8ed,HAS_SECTION
pol_chubb_672aec9c,sec_pol_chubb_672aec9c_a9f9b760,HAS_SECTION
pol_chubb_672aec9c,sec_pol_chubb_672aec9c_b56a24f7,HAS_SECTION
pol_allianz(agcs)_63eaac4d,sec_pol_allianz(agcs)_63eaac4d_3c62ef76,HAS_SECTION
pol_allianz(agcs)_63eaac4d,sec_pol_allianz(agcs)_63eaac4d_060a0432,HAS_SECTION
pol_allianz(agcs)_63eaac4d,sec_pol_allianz(agcs)_63eaac4d_5b38d2d9,HAS_SECTION
pol_allianz(agcs)_63eaac4d,sec_pol_allianz(agcs)_63eaac4d_f02cce7a,HAS_SECTION
pol_allianz(agcs)_63eaac4d,sec_pol_allianz(agcs)_63eaac4d_c74d5a7e,HAS_SECTION
pol_allianz(agcs)_63eaac4d,sec_pol_allianz(agcs)_63eaac4d_55e8946f,HAS_SECTION
pol_allianz(agcs)_63eaac4d,sec_pol_allianz(agcs)_63eaac4d_b88e8fed,HAS_SECTION
pol_allianz(agcs)_63eaac4d,sec_pol_allianz(agcs)_63eaac4d_f202968e,HAS_SECTION
pol_allianz(agcs)_63eaac4d,sec_pol_allianz(agcs)_63eaac4d_e4ea5529,HAS_SECTION
pol_allianz(agcs)_63eaac4d,sec_pol_allianz(agcs)_63eaac4d_b056e8c1,HAS_SECTION
pol_allianz(agcs)_63eaac4d,sec_pol_allianz(agcs)_63eaac4d_25ad5c86,HAS_SECTION
pol_allianz(agcs)_63eaac4d,sec_pol_allianz(agcs)_63eaac4d_0ecab4f0,HAS_SECTION
pol_allianz(agcs)_63eaac4d,sec_pol_allianz(agcs)_63eaac4d_b70361e4,HAS_SECTION
pol_allianz(agcs)_63eaac4d,sec_pol_allianz(agcs)_63eaac4d_8592646c,HAS_SECTION
pol_allianz(agcs)_63eaac4d,sec_pol_allianz(agcs)_63eaac4d_8de24fd0,HAS_SECTION
pol_allianz(agcs)_63eaac4d,sec_pol_allianz(agcs)_63eaac4d_295015e9,HAS_SECTION
pol_allianz(agcs)_63eaac4d,sec_pol_allianz(agcs)_63eaac4d_993ed2c5,HAS_SECTION
pol_allianz(agcs)_63eaac4d,sec_pol_allianz(agcs)_63eaac4d_54d9efea,HAS_SECTION
pol_allianz(agcs)_63eaac4d,sec_pol_allianz(agcs)_63eaac4d_4147fae5,HAS_SECTION
pol_allianz(agcs)_63eaac4d,sec_pol_allianz(agcs)_63eaac4d_17a740da,HAS_SECTION
pol_allianz(agcs)_63eaac4d,sec_pol_allianz(agcs)_63eaac4d_8e3622df,HAS_SECTION
pol_allianz(agcs)_63eaac4d,sec_pol_allianz(agcs)_63eaac4d_982249ed,HAS_SECTION
pol_allianz(agcs)_63eaac4d,sec_pol_allianz(agcs)_63eaac4d_fdefc148,HAS_SECTION
pol_allianz(agcs)_63eaac4d,sec_pol_allianz(agcs)_63eaac4d_54907c64,HAS_SECTION
pol_allianz(agcs)_63eaac4d,sec_pol_allianz(agcs)_63eaac4d_28cc3d85,HAS_SECTION
pol_allianz(agcs)_63eaac4d,sec_pol_allianz(agcs)_63eaac4d_d42e08d6,HAS_SECTION
pol_allianz(agcs)_63eaac4d,sec_pol_allianz(agcs)_63eaac4d_c634bbf7,HAS_SECTION
pol_allianz(agcs)_63eaac4d,sec_pol_allianz(agcs)_63eaac4d_f775a008,HAS_SECTION
pol_allianz(agcs)_63eaac4d,sec_pol_allianz(agcs)_63eaac4d_05219a96,HAS_SECTION
pol_allianz(agcs)_63eaac4d,sec_pol_allianz(agcs)_63eaac4d_e6137e1e,HAS_SECTION
pol_allianz(agcs)_63eaac4d,sec_pol_allianz(agcs)_63eaac4d_2a848ad0,HAS_SECTION
pol_allianz(agcs)_63eaac4d,sec_pol_allianz(agcs)_63eaac4d_d5199a4b,HAS_SECTION
pol_allianz(agcs)_63eaac4d,sec_pol_allianz(agcs)_63eaac4d_7f44c9f0,HAS_SECTION
pol_allianz(agcs)_63eaac4d,sec_pol_allianz(agcs)_63eaac4d_ced9727f,HAS_SECTION
pol_allianz(agcs)_63eaac4d,sec_pol_allianz(agcs)_63eaac4d_dba9c41d,HAS_SECTION
pol_allianz(agcs)_63eaac4d,sec_pol_allianz(agcs)_63eaac4d_a02665b3,HAS_SECTION
pol_allianz(agcs)_63eaac4d,sec_pol_allianz(agcs)_63eaac4d_265b38ac,HAS_SECTION
pol_allianz(agcs)_63eaac4d,sec_pol_allianz(agcs)_63eaac4d_93ce5459,HAS_SECTION
pol_allianz(agcs)_63eaac4d,sec_pol_allianz(agcs)_63eaac4d_e00b2b1e,HAS_SECTION
pol_allianz(agcs)_63eaac4d,sec_pol_allianz(agcs)_63eaac4d_1f0f591d,HAS_SECTION
pol_allianz(agcs)_63eaac4d,sec_pol_allianz(agcs)_63eaac4d_fb36019e,HAS_SECTION
pol_allianz(agcs)_63eaac4d,sec_pol_allianz(agcs)_63eaac4d_eff48177,HAS_SECTION
pol_allianz(agcs)_63eaac4d,sec_pol_allianz(agcs)_63eaac4d_05369835,HAS_SECTION
pol_allianz(agcs)_63eaac4d,sec_pol_allianz(agcs)_63eaac4d_cdd9fadf,HAS_SECTION
pol_allianz(agcs)_63eaac4d,sec_pol_allianz(agcs)_63eaac4d_a5806b0b,HAS_SECTION
pol_allianz(agcs)_63eaac4d,sec_pol_allianz(agcs)_63eaac4d_13dcec35,HAS_SECTION
pol_allianz(agcs)_63eaac4d,sec_pol_allianz(agcs)_63eaac4d_a201f85c,HAS_SECTION
pol_allianz(agcs)_63eaac4d,sec_pol_allianz(agcs)_63eaac4d_a9d3c215,HAS_SECTION
pol_allianz(agcs)_63eaac4d,sec_pol_allianz(agcs)_63eaac4d_f909c622,HAS_SECTION
pol_allianz(agcs)_63eaac4d,sec_pol_allianz(agcs)_63eaac4d_1cc2437a,HAS_SECTION
pol_allianz(agcs)_63eaac4d,sec_pol_allianz(agcs)_63eaac4d_21d6283d,HAS_SECTION
pol_allianz(agcs)_63eaac4d,sec_pol_allianz(agcs)_63eaac4d_f09ffdda,HAS_SECTION
pol_allianz(agcs)_63eaac4d,sec_pol_allianz(agcs)_63eaac4d_ef80716f,HAS_SECTION
pol_allianz(agcs)_63eaac4d,sec_pol_allianz(agcs)_63eaac4d_98e2166e,HAS_SECTION
pol_allianz(agcs)_63eaac4d,sec_pol_allianz(agcs)_63eaac4d_d2c3993b,HAS_SECTION
pol_allianz(agcs)_63eaac4d,sec_pol_allianz(agcs)_63eaac4d_b1b46af3,HAS_SECTION
pol_allianz(agcs)_63eaac4d,sec_pol_allianz(agcs)_63eaac4d_8090500e,HAS_SECTION
pol_allianz(agcs)_63eaac4d,sec_pol_allianz(agcs)_63eaac4d_1373d034,HAS_SECTION
pol_allianz(agcs)_63eaac4d,sec_pol_allianz(agcs)_63eaac4d_6c735ce1,HAS_SECTION
pol_allianz(agcs)_63eaac4d,sec_pol_allianz(agcs)_63eaac4d_422e410b,HAS_SECTION
pol_allianz(agcs)_63eaac4d,sec_pol_allianz(agcs)_63eaac4d_4b7a1601,HAS_SECTION
pol_allianz(agcs)_63eaac4d,sec_pol_allianz(agcs)_63eaac4d_c3fca9e5,HAS_SECTION
pol_allianz(agcs)_63eaac4d,sec_pol_allianz(agcs)_63eaac4d_8290ff69,HAS_SECTION
pol_allianz(agcs)_63eaac4d,sec_pol_allianz(agcs)_63eaac4d_193fb992,HAS_SECTION
pol_allianz(agcs)_63eaac4d,sec_pol_allianz(agcs)_63eaac4d_cec36a14,HAS_SECTION
pol_allianz(agcs)_63eaac4d,sec_pol_allianz(agcs)_63eaac4d_20bcf78d,HAS_SECTION
pol_allianz(agcs)_63eaac4d,sec_pol_allianz(agcs)_63eaac4d_f3c7dec8,HAS_SECTION
pol_allianz(agcs)_63eaac4d,sec_pol_allianz(agcs)_63eaac4d_ff55ddf0,HAS_SECTION
pol_allianz(agcs)_63eaac4d,sec_pol_allianz(agcs)_63eaac4d_57025d32,HAS_SECTION
pol_allianz(agcs)_63eaac4d,sec_pol_allianz(agcs)_63eaac4d_5b3cbf33,HAS_SECTION
pol_allianz(agcs)_63eaac4d,sec_pol_allianz(agcs)_63eaac4d_8f7134ba,HAS_SECTION
pol_allianz(agcs)_63eaac4d,sec_pol_allianz(agcs)_63eaac4d_747a254c,HAS_SECTION
pol_allianz(agcs)_63eaac4d,sec_pol_allianz(agcs)_63eaac4d_fff92b6a,HAS_SECTION
pol_allianz(agcs)_63eaac4d,sec_pol_allianz(agcs)_63eaac4d_feb503c3,HAS_SECTION
pol_allianz(agcs)_63eaac4d,sec_pol_allianz(agcs)_63eaac4d_9556099e,HAS_SECTION
pol_allianz(agcs)_63eaac4d,sec_pol_allianz(agcs)_63eaac4d_ab5174f6,HAS_SECTION
pol_allianz(agcs)_63eaac4d,sec_pol_allianz(agcs)_63eaac4d_61eb945c,HAS_SECTION
pol_allianz(agcs)_63eaac4d,sec_pol_allianz(agcs)_63eaac4d_2f0e48aa,HAS_SECTION
pol_allianz(agcs)_63eaac4d,sec_pol_allianz(agcs)_63eaac4d_4ec4eaea,HAS_SECTION
pol_allianz(agcs)_63eaac4d,sec_pol_allianz(agcs)_63eaac4d_2d0a3ef6,HAS_SECTION
pol_allianz(agcs)_63eaac4d,sec_pol_allianz(agcs)_63eaac4d_f9fa960c,HAS_SECTION
pol_allianz(agcs)_63eaac4d,sec_pol_allianz(agcs)_63eaac4d_fab4627a,HAS_SECTION
pol_allianz(agcs)_63eaac4d,sec_pol_allianz(agcs)_63eaac4d_a0b3705e,HAS_SECTION
pol_allianz(agcs)_63eaac4d,sec_pol_allianz(agcs)_63eaac4d_cc68312a,HAS_SECTION
pol_allianz(agcs)_63eaac4d,sec_pol_allianz(agcs)_63eaac4d_0e7ba765,HAS_SECTION
pol_allianz(agcs)_63eaac4d,sec_pol_allianz(agcs)_63eaac4d_edde9042,HAS_SECTION
pol_allianz(agcs)_63eaac4d,sec_pol_allianz(agcs)_63eaac4d_7d2a506f,HAS_SECTION
pol_allianz(agcs)_63eaac4d,sec_pol_allianz(agcs)_63eaac4d_e4278fd9,HAS_SECTION
pol_allianz(agcs)_63eaac4d,sec_pol_allianz(agcs)_63eaac4d_22182054,HAS_SECTION
pol_allianz(agcs)_63eaac4d,sec_pol_allianz(agcs)_63eaac4d_8ecc0528,HAS_SECTION
pol_allianz(agcs)_63eaac4d,sec_pol_allianz(agcs)_63eaac4d_d4aaef7c,HAS_SECTION
pol_allianz(agcs)_63eaac4d,sec_pol_allianz(agcs)_63eaac4d_29e1aba0,HAS_SECTION
pol_allianz(agcs)_63eaac4d,sec_pol_allianz(agcs)_63eaac4d_09736d26,HAS_SECTION
pol_allianz(agcs)_63eaac4d,sec_pol_allianz(agcs)_63eaac4d_9e570254,HAS_SECTION
pol_allianz(agcs)_63eaac4d,sec_pol_allianz(agcs)_63eaac4d_e5850f6f,HAS_SECTION
pol_allianz(agcs)_63eaac4d,sec_pol_allianz(agcs)_63eaac4d_bd6cb41e,HAS_SECTION
pol_allianz(agcs)_63eaac4d,sec_pol_allianz(agcs)_63eaac4d_d8a0e8b7,HAS_SECTION
pol_allianz(agcs)_63eaac4d,sec_pol_allianz(agcs)_63eaac4d_0f1c2867,HAS_SECTION
pol_allianz(agcs)_63eaac4d,sec_pol_allianz(agcs)_63eaac4d_7846fae3,HAS_SECTION
pol_allianz(agcs)_63eaac4d,sec_pol_allianz(agcs)_63eaac4d_06f68501,HAS_SECTION
pol_allianz(agcs)_63eaac4d,sec_pol_allianz(agcs)_63eaac4d_622fff57,HAS_SECTION
pol_allianz(agcs)_63eaac4d,sec_pol_allianz(agcs)_63eaac4d_6120e47b,HAS_SECTION
pol_allianz(agcs)_63eaac4d,sec_pol_allianz(agcs)_63eaac4d_1b31c2ab,HAS_SECTION
pol_allianz(agcs)_63eaac4d,sec_pol_allianz(agcs)_63eaac4d_41b6cde6,HAS_SECTION
pol_allianz(agcs)_63eaac4d,sec_pol_allianz(agcs)_63eaac4d_491057af,HAS_SECTION
pol_allianz(agcs)_63eaac4d,sec_pol_allianz(agcs)_63eaac4d_c86ec569,HAS_SECTION
pol_allianz(agcs)_63eaac4d,sec_pol_allianz(agcs)_63eaac4d_a0acf4ae,HAS_SECTION
pol_allianz(agcs)_63eaac4d,sec_pol_allianz(agcs)_63eaac4d_2a78e917,HAS_SECTION
pol_allianz(agcs)_63eaac4d,sec_pol_allianz(agcs)_63eaac4d_72eac03f,HAS_SECTION
pol_allianz(agcs)_63eaac4d,sec_pol_allianz(agcs)_63eaac4d_1229f6b9,HAS_SECTION
pol_allianz(agcs)_63eaac4d,sec_pol_allianz(agcs)_63eaac4d_4c7c4789,HAS_SECTION
pol_allianz(agcs)_63eaac4d,sec_pol_allianz(agcs)_63eaac4d_504dbc9d,HAS_SECTION
pol_allianz(agcs)_63eaac4d,sec_pol_allianz(agcs)_63eaac4d_b827c5dd,HAS_SECTION
pol_allianz(agcs)_63eaac4d,sec_pol_allianz(agcs)_63eaac4d_667ed943,HAS_SECTION
pol_allianz(agcs)_63eaac4d,sec_pol_allianz(agcs)_63eaac4d_9fe1a081,HAS_SECTION
pol_allianz(agcs)_63eaac4d,sec_pol_allianz(agcs)_63eaac4d_b123ee17,HAS_SECTION
pol_allianz(agcs)_63eaac4d,sec_pol_allianz(agcs)_63eaac4d_f55dba43,HAS_SECTION
pol_allianz(agcs)_63eaac4d,sec_pol_allianz(agcs)_63eaac4d_8b52cd3e,HAS_SECTION
pol_allianz(agcs)_63eaac4d,sec_pol_allianz(agcs)_63eaac4d_0006c696,HAS_SECTION
pol_allianz(agcs)_63eaac4d,sec_pol_allianz(agcs)_63eaac4d_8895e425,HAS_SECTION
pol_allianz(agcs)_63eaac4d,sec_pol_allianz(agcs)_63eaac4d_5410b3aa,HAS_SECTION
pol_allianz(agcs)_63eaac4d,sec_pol_allianz(agcs)_63eaac4d_a366a04c,HAS_SECTION
pol_allianz(agcs)_63eaac4d,sec_pol_allianz(agcs)_63eaac4d_cbb92e65,HAS_SECTION
pol_allianz(agcs)_63eaac4d,sec_pol_allianz(agcs)_63eaac4d_cf040fe4,HAS_SECTION
pol_allianz(agcs)_63eaac4d,sec_pol_allianz(agcs)_63eaac4d_029e01df,HAS_SECTION
pol_allianz(agcs)_63eaac4d,sec_pol_allianz(agcs)_63eaac4d_dbbaf4a5,HAS_SECTION
pol_allianz(agcs)_63eaac4d,sec_pol_allianz(agcs)_63eaac4d_9c9e8af7,HAS_SECTION
pol_allianz(agcs)_63eaac4d,sec_pol_allianz(agcs)_63eaac4d_4cbfe0b7,HAS_SECTION
pol_allianz(agcs)_63eaac4d,sec_pol_allianz(agcs)_63eaac4d_76343469,HAS_SECTION
pol_allianz(agcs)_63eaac4d,sec_pol_allianz(agcs)_63eaac4d_ab8c2a87,HAS_SECTION
pol_allianz(agcs)_63eaac4d,sec_pol_allianz(agcs)_63eaac4d_3c56746e,HAS_SECTION
pol_allianz(agcs)_63eaac4d,sec_pol_allianz(agcs)_63eaac4d_5e564563,HAS_SECTION
pol_allianz(agcs)_63eaac4d,sec_pol_allianz(agcs)_63eaac4d_a0c7dafe,HAS_SECTION
pol_allianz(agcs)_63eaac4d,sec_pol_allianz(agcs)_63eaac4d_dae797b3,HAS_SECTION
pol_allianz(agcs)_63eaac4d,sec_pol_allianz(agcs)_63eaac4d_d50c9d14,HAS_SECTION
pol_allianz(agcs)_63eaac4d,sec_pol_allianz(agcs)_63eaac4d_037b7276,HAS_SECTION
pol_allianz(agcs)_63eaac4d,sec_pol_allianz(agcs)_63eaac4d_15849627,HAS_SECTION
pol_allianz(agcs)_63eaac4d,sec_pol_allianz(agcs)_63eaac4d_97ca30f3,HAS_SECTION
pol_allianz(agcs)_63eaac4d,sec_pol_allianz(agcs)_63eaac4d_6f584581,HAS_SECTION
pol_allianz(agcs)_63eaac4d,sec_pol_allianz(agcs)_63eaac4d_be661419,HAS_SECTION
pol_allianz(agcs)_63eaac4d,sec_pol_allianz(agcs)_63eaac4d_41b25497,HAS_SECTION
pol_allianz(agcs)_63eaac4d,sec_pol_allianz(agcs)_63eaac4d_9fef7b59,HAS_SECTION
pol_allianz(agcs)_63eaac4d,sec_pol_allianz(agcs)_63eaac4d_484d0596,HAS_SECTION
pol_allianz(agcs)_63eaac4d,sec_pol_allianz(agcs)_63eaac4d_b0b36015,HAS_SECTION
pol_allianz(agcs)_63eaac4d,sec_pol_allianz(agcs)_63eaac4d_d9f8526b,HAS_SECTION
pol_allianz(agcs)_63eaac4d,sec_pol_allianz(agcs)_63eaac4d_912cf0bf,HAS_SECTION
pol_allianz(agcs)_63eaac4d,sec_pol_allianz(agcs)_63eaac4d_db7ba056,HAS_SECTION
pol_allianz(agcs)_63eaac4d,sec_pol_allianz(agcs)_63eaac4d_93c93778,HAS_SECTION
pol_allianz(agcs)_63eaac4d,sec_pol_allianz(agcs)_63eaac4d_e1611de8,HAS_SECTION
pol_allianz(agcs)_63eaac4d,sec_pol_allianz(agcs)_63eaac4d_32f48837,HAS_SECTION
pol_allianz(agcs)_63eaac4d,sec_pol_allianz(agcs)_63eaac4d_3f6b0a3a,HAS_SECTION
pol_allianz(agcs)_63eaac4d,sec_pol_allianz(agcs)_63eaac4d_76a1b884,HAS_SECTION
pol_allianz(agcs)_63eaac4d,sec_pol_allianz(agcs)_63eaac4d_c4b9b59a,HAS_SECTION
pol_allianz(agcs)_63eaac4d,sec_pol_allianz(agcs)_63eaac4d_8ff5b966,HAS_SECTION
pol_allianz(agcs)_63eaac4d,sec_pol_allianz(agcs)_63eaac4d_fa04ffb0,HAS_SECTION
pol_allianz(agcs)_63eaac4d,sec_pol_allianz(agcs)_63eaac4d_7f0e4634,HAS_SECTION
pol_allianz(agcs)_63eaac4d,sec_pol_allianz(agcs)_63eaac4d_8d52c0c5,HAS_SECTION
pol_allianz(agcs)_63eaac4d,sec_pol_allianz(agcs)_63eaac4d_f593db25,HAS_SECTION
pol_allianz(agcs)_63eaac4d,sec_pol_allianz(agcs)_63eaac4d_6b0bbcb0,HAS_SECTION
pol_allianz(agcs)_63eaac4d,sec_pol_allianz(agcs)_63eaac4d_abbd962c,HAS_SECTION
pol_allianz(agcs)_63eaac4d,sec_pol_allianz(agcs)_63eaac4d_f0a4740f,HAS_SECTION
pol_allianz(agcs)_63eaac4d,sec_pol_allianz(agcs)_63eaac4d_8c6ee498,HAS_SECTION
pol_allianz(agcs)_63eaac4d,sec_pol_allianz(agcs)_63eaac4d_3f9cfc6b,HAS_SECTION
pol_allianz(agcs)_63eaac4d,sec_pol_allianz(agcs)_63eaac4d_cf57f4d3,HAS_SECTION
pol_allianz(agcs)_63eaac4d,sec_pol_allianz(agcs)_63eaac4d_c093ce00,HAS_SECTION
pol_allianz(agcs)_63eaac4d,sec_pol_allianz(agcs)_63eaac4d_185b3d50,HAS_SECTION
pol_allianz(agcs)_63eaac4d,sec_pol_allianz(agcs)_63eaac4d_a91c4e10,HAS_SECTION
pol_allianz(agcs)_63eaac4d,sec_pol_allianz(agcs)_63eaac4d_ca65d3be,HAS_SECTION
pol_allianz(agcs)_63eaac4d,sec_pol_allianz(agcs)_63eaac4d_8c36dbca,HAS_SECTION
pol_allianz(agcs)_63eaac4d,sec_pol_allianz(agcs)_63eaac4d_a165b439,HAS_SECTION
pol_allianz(agcs)_63eaac4d,sec_pol_allianz(agcs)_63eaac4d_152ad092,HAS_SECTION
pol_allianz(agcs)_63eaac4d,sec_pol_allianz(agcs)_63eaac4d_8d4cb0b3,HAS_SECTION
pol_allianz(agcs)_63eaac4d,sec_pol_allianz(agcs)_63eaac4d_317c2877,HAS_SECTION
pol_allianz(agcs)_63eaac4d,sec_pol_allianz(agcs)_63eaac4d_67b993af,HAS_SECTION
pol_allianz(agcs)_63eaac4d,sec_pol_allianz(agcs)_63eaac4d_5e3dc2b2,HAS_SECTION
pol_allianz(agcs)_63eaac4d,sec_pol_allianz(agcs)_63eaac4d_5146888b,HAS_SECTION
pol_allianz(agcs)_63eaac4d,sec_pol_allianz(agcs)_63eaac4d_1d936f13,HAS_SECTION
pol_allianz(agcs)_63eaac4d,sec_pol_allianz(agcs)_63eaac4d_9fe88560,HAS_SECTION
pol_allianz(agcs)_63eaac4d,sec_pol_allianz(agcs)_63eaac4d_ec562ba3,HAS_SECTION
pol_allianz(agcs)_63eaac4d,sec_pol_allianz(agcs)_63eaac4d_30fecdc2,HAS_SECTION
pol_allianz(agcs)_63eaac4d,sec_pol_allianz(agcs)_63eaac4d_0f7ede98,HAS_SECTION
pol_allianz(agcs)_63eaac4d,sec_pol_allianz(agcs)_63eaac4d_a5cb097e,HAS_SECTION
pol_allianz(agcs)_63eaac4d,sec_pol_allianz(agcs)_63eaac4d_e0da2045,HAS_SECTION
pol_allianz(agcs)_63eaac4d,sec_pol_allianz(agcs)_63eaac4d_805b5904,HAS_SECTION
pol_allianz(agcs)_63eaac4d,sec_pol_allianz(agcs)_63eaac4d_db4b59cc,HAS_SECTION
pol_allianz(agcs)_63eaac4d,sec_pol_allianz(agcs)_63eaac4d_689b8e77,HAS_SECTION
pol_allianz(agcs)_63eaac4d,sec_pol_allianz(agcs)_63eaac4d_90e1bb87,HAS_SECTION
pol_allianz(agcs)_63eaac4d,sec_pol_allianz(agcs)_63eaac4d_a425d6a8,HAS_SECTION
pol_allianz(agcs)_63eaac4d,sec_pol_allianz(agcs)_63eaac4d_694593cf,HAS_SECTION
pol_allianz(agcs)_63eaac4d,sec_pol_allianz(agcs)_63eaac4d_5a9b5be8,HAS_SECTION
pol_allianz(agcs)_63eaac4d,sec_pol_allianz(agcs)_63eaac4d_35277c26,HAS_SECTION
pol_allianz(agcs)_63eaac4d,sec_pol_allianz(agcs)_63eaac4d_fa213254,HAS_SECTION
pol_allianz(agcs)_63eaac4d,sec_pol_allianz(agcs)_63eaac4d_4861540a,HAS_SECTION
pol_allianz(agcs)_63eaac4d,sec_pol_allianz(agcs)_63eaac4d_76f583d6,HAS_SECTION
pol_allianz(agcs)_63eaac4d,sec_pol_allianz(agcs)_63eaac4d_42651aa8,HAS_SECTION
pol_allianz(agcs)_63eaac4d,sec_pol_allianz(agcs)_63eaac4d_100d576f,HAS_SECTION
pol_allianz(agcs)_63eaac4d,sec_pol_allianz(agcs)_63eaac4d_f6e73e66,HAS_SECTION
pol_allianz(agcs)_63eaac4d,sec_pol_allianz(agcs)_63eaac4d_57f6e7ca,HAS_SECTION
pol_allianz(agcs)_63eaac4d,sec_pol_allianz(agcs)_63eaac4d_f61e31eb,HAS_SECTION
pol_qbe_f4a74bc3,sec_pol_qbe_f4a74bc3_4dec7d09,HAS_SECTION
pol_qbe_f4a74bc3,sec_pol_qbe_f4a74bc3_e685ebc3,HAS_SECTION
pol_qbe_f4a74bc3,sec_pol_qbe_f4a74bc3_f65a9a56,HAS_SECTION
pol_qbe_f4a74bc3,sec_pol_qbe_f4a74bc3_8c351d3a,HAS_SECTION
pol_qbe_f4a74bc3,sec_pol_qbe_f4a74bc3_69736090,HAS_SECTION
pol_qbe_f4a74bc3,sec_pol_qbe_f4a74bc3_1811ee80,HAS_SECTION
pol_qbe_f4a74bc3,sec_pol_qbe_f4a74bc3_e199c31f,HAS_SECTION
pol_qbe_f4a74bc3,sec_pol_qbe_f4a74bc3_2ef22fe8,HAS_SECTION
pol_qbe_f4a74bc3,sec_pol_qbe_f4a74bc3_4a9ef9bf,HAS_SECTION
pol_qbe_f4a74bc3,sec_pol_qbe_f4a74bc3_94f002da,HAS_SECTION
pol_qbe_f4a74bc3,sec_pol_qbe_f4a74bc3_53fd8ffb,HAS_SECTION
pol_qbe_f4a74bc3,sec_pol_qbe_f4a74bc3_f504db80,HAS_SECTION
pol_qbe_f4a74bc3,sec_pol_qbe_f4a74bc3_e2edb602,HAS_SECTION
pol_qbe_f4a74bc3,sec_pol_qbe_f4a74bc3_1b36a985,HAS_SECTION
pol_qbe_f4a74bc3,sec_pol_qbe_f4a74bc3_1708d9fe,HAS_SECTION
pol_qbe_f4a74bc3,sec_pol_qbe_f4a74bc3_1d01ddb8,HAS_SECTION
pol_qbe_f4a74bc3,sec_pol_qbe_f4a74bc3_819533d6,HAS_SECTION
pol_qbe_f4a74bc3,sec_pol_qbe_f4a74bc3_d2f34d9d,HAS_SECTION
pol_qbe_f4a74bc3,sec_pol_qbe_f4a74bc3_31633aee,HAS_SECTION
pol_qbe_f4a74bc3,sec_pol_qbe_f4a74bc3_af58bf67,HAS_SECTION
pol_qbe_f4a74bc3,sec_pol_qbe_f4a74bc3_ee0305de,HAS_SECTION
pol_qbe_f4a74bc3,sec_pol_qbe_f4a74bc3_baa6462e,HAS_SECTION
pol_qbe_f4a74bc3,sec_pol_qbe_f4a74bc3_fa26b772,HAS_SECTION
pol_qbe_f4a74bc3,sec_pol_qbe_f4a74bc3_a7feed4d,HAS_SECTION
pol_qbe_f4a74bc3,sec_pol_qbe_f4a74bc3_291fd931,HAS_SECTION
pol_qbe_f4a74bc3,sec_pol_qbe_f4a74bc3_2dbaed42,HAS_SECTION
pol_qbe_f4a74bc3,sec_pol_qbe_f4a74bc3_0116c9c7,HAS_SECTION
pol_qbe_f4a74bc3,sec_pol_qbe_f4a74bc3_199cce07,HAS_SECTION
pol_qbe_f4a74bc3,sec_pol_qbe_f4a74bc3_e7783c26,HAS_SECTION
pol_qbe_f4a74bc3,sec_pol_qbe_f4a74bc3_ece3c9ed,HAS_SECTION
pol_qbe_f4a74bc3,sec_pol_qbe_f4a74bc3_00a3f79d,HAS_SECTION
pol_qbe_f4a74bc3,sec_pol_qbe_f4a74bc3_ed480949,HAS_SECTION
pol_qbe_f4a74bc3,sec_pol_qbe_f4a74bc3_d271beac,HAS_SECTION
pol_qbe_f4a74bc3,sec_pol_qbe_f4a74bc3_1af594a1,HAS_SECTION
pol_qbe_f4a74bc3,sec_pol_qbe_f4a74bc3_98fb436e,HAS_SECTION
pol_qbe_f4a74bc3,sec_pol_qbe_f4a74bc3_80a53342,HAS_SECTION
pol_qbe_f4a74bc3,sec_pol_qbe_f4a74bc3_fef44785,HAS_SECTION
pol_qbe_f4a74bc3,sec_pol_qbe_f4a74bc3_0e0d6e05,HAS_SECTION
pol_qbe_f4a74bc3,sec_pol_qbe_f4a74bc3_fab51da9,HAS_SECTION
pol_qbe_f4a74bc3,sec_pol_qbe_f4a74bc3_22af2376,HAS_SECTION
pol_qbe_f4a74bc3,sec_pol_qbe_f4a74bc3_c5b7d910,HAS_SECTION
pol_qbe_f4a74bc3,sec_pol_qbe_f4a74bc3_fc160192,HAS_SECTION
pol_qbe_f4a74bc3,sec_pol_qbe_f4a74bc3_6618d422,HAS_SECTION
pol_qbe_f4a74bc3,sec_pol_qbe_f4a74bc3_cf6e12bc,HAS_SECTION
pol_qbe_f4a74bc3,sec_pol_qbe_f4a74bc3_8ebedac4,HAS_SECTION
pol_qbe_f4a74bc3,sec_pol_qbe_f4a74bc3_7ff3fa78,HAS_SECTION
pol_qbe_f4a74bc3,sec_pol_qbe_f4a74bc3_521022dc,HAS_SECTION
pol_qbe_f4a74bc3,sec_pol_qbe_f4a74bc3_a3e01f2c,HAS_SECTION
pol_qbe_f4a74bc3,sec_pol_qbe_f4a74bc3_7f3ff444,HAS_SECTION
pol_qbe_f4a74bc3,sec_pol_qbe_f4a74bc3_3b64a404,HAS_SECTION
pol_qbe_f4a74bc3,sec_pol_qbe_f4a74bc3_344adfea,HAS_SECTION
pol_qbe_f4a74bc3,sec_pol_qbe_f4a74bc3_877c80f7,HAS_SECTION
pol_qbe_f4a74bc3,sec_pol_qbe_f4a74bc3_0881befb,HAS_SECTION
pol_qbe_f4a74bc3,sec_pol_qbe_f4a74bc3_e7e8b143,HAS_SECTION
pol_qbe_f4a74bc3,sec_pol_qbe_f4a74bc3_c14fbe31,HAS_SECTION
pol_qbe_f4a74bc3,sec_pol_qbe_f4a74bc3_b860a930,HAS_SECTION
pol_qbe_f4a74bc3,sec_pol_qbe_f4a74bc3_5199cf38,HAS_SECTION
pol_qbe_f4a74bc3,sec_pol_qbe_f4a74bc3_19670cf7,HAS_SECTION
pol_qbe_f4a74bc3,sec_pol_qbe_f4a74bc3_298963de,HAS_SECTION
pol_qbe_f4a74bc3,sec_pol_qbe_f4a74bc3_f8164a50,HAS_SECTION
pol_qbe_f4a74bc3,sec_pol_qbe_f4a74bc3_b72b4871,HAS_SECTION
pol_qbe_f4a74bc3,sec_pol_qbe_f4a74bc3_926eeb54,HAS_SECTION
pol_qbe_f4a74bc3,sec_pol_qbe_f4a74bc3_27e985ca,HAS_SECTION
pol_qbe_f4a74bc3,sec_pol_qbe_f4a74bc3_9f383dbf,HAS_SECTION
pol_qbe_f4a74bc3,sec_pol_qbe_f4a74bc3_9d3eb5a9,HAS_SECTION
pol_qbe_f4a74bc3,sec_pol_qbe_f4a74bc3_b6cca23e,HAS_SECTION
pol_qbe_f4a74bc3,sec_pol_qbe_f4a74bc3_ea579293,HAS_SECTION
pol_qbe_f4a74bc3,sec_pol_qbe_f4a74bc3_7a81b0e3,HAS_SECTION
pol_qbe_f4a74bc3,sec_pol_qbe_f4a74bc3_153814d1,HAS_SECTION
pol_qbe_f4a74bc3,sec_pol_qbe_f4a74bc3_a7d43b2a,HAS_SECTION
pol_qbe_f4a74bc3,sec_pol_qbe_f4a74bc3_75ff6ca6,HAS_SECTION
pol_qbe_f4a74bc3,sec_pol_qbe_f4a74bc3_fe5a2b74,HAS_SECTION
pol_qbe_f4a74bc3,sec_pol_qbe_f4a74bc3_7d537b9e,HAS_SECTION
pol_qbe_f4a74bc3,sec_pol_qbe_f4a74bc3_98efc618,HAS_SECTION
pol_qbe_f4a74bc3,sec_pol_qbe_f4a74bc3_f3f3c418,HAS_SECTION
pol_qbe_f4a74bc3,sec_pol_qbe_f4a74bc3_eb77bc82,HAS_SECTION
pol_qbe_f4a74bc3,sec_pol_qbe_f4a74bc3_e5cd0687,HAS_SECTION
pol_qbe_f4a74bc3,sec_pol_qbe_f4a74bc3_370110f0,HAS_SECTION
pol_qbe_f4a74bc3,sec_pol_qbe_f4a74bc3_ceaab3d2,HAS_SECTION
pol_qbe_f4a74bc3,sec_pol_qbe_f4a74bc3_61e805f1,HAS_SECTION
pol_qbe_f4a74bc3,sec_pol_qbe_f4a74bc3_d3ec5011,HAS_SECTION
pol_qbe_f4a74bc3,sec_pol_qbe_f4a74bc3_f805d999,HAS_SECTION
pol_qbe_f4a74bc3,sec_pol_qbe_f4a74bc3_ce41ae1f,HAS_SECTION
pol_qbe_f4a74bc3,sec_pol_qbe_f4a74bc3_7a397985,HAS_SECTION
pol_qbe_f4a74bc3,sec_pol_qbe_f4a74bc3_e406c146,HAS_SECTION
pol_qbe_f4a74bc3,sec_pol_qbe_f4a74bc3_dcc103d7,HAS_SECTION
pol_qbe_f4a74bc3,sec_pol_qbe_f4a74bc3_7df662a3,HAS_SECTION
pol_qbe_f4a74bc3,sec_pol_qbe_f4a74bc3_2450ec84,HAS_SECTION
pol_qbe_f4a74bc3,sec_pol_qbe_f4a74bc3_803def09,HAS_SECTION
pol_qbe_f4a74bc3,sec_pol_qbe_f4a74bc3_3b111c50,HAS_SECTION
pol_qbe_f4a74bc3,sec_pol_qbe_f4a74bc3_df51ca48,HAS_SECTION
pol_qbe_f4a74bc3,sec_pol_qbe_f4a74bc3_91c7d2a7,HAS_SECTION
pol_qbe_f4a74bc3,sec_pol_qbe_f4a74bc3_12de2115,HAS_SECTION
pol_qbe_f4a74bc3,sec_pol_qbe_f4a74bc3_a4bd412d,HAS_SECTION
pol_qbe_f4a74bc3,sec_pol_qbe_f4a74bc3_3dfa33aa,HAS_SECTION
pol_qbe_f4a74bc3,sec_pol_qbe_f4a74bc3_ebf94fba,HAS_SECTION
pol_qbe_f4a74bc3,sec_pol_qbe_f4a74bc3_5e730510,HAS_SECTION
pol_qbe_f4a74bc3,sec_pol_qbe_f4a74bc3_335feb60,HAS_SECTION
pol_qbe_f4a74bc3,sec_pol_qbe_f4a74bc3_5a230007,HAS_SECTION
pol_qbe_f4a74bc3,sec_pol_qbe_f4a74bc3_d6a5920c,HAS_SECTION
pol_qbe_f4a74bc3,sec_pol_qbe_f4a74bc3_53b75412,HAS_SECTION
pol_liberty_1805efbe,sec_pol_liberty_1805efbe_ad77fe9c,HAS_SECTION
pol_liberty_1805efbe,sec_pol_liberty_1805efbe_ab94f80d,HAS_SECTION
pol_liberty_1805efbe,sec_pol_liberty_1805efbe_50c24464,HAS_SECTION
pol_liberty_1805efbe,sec_pol_liberty_1805efbe_60711610,HAS_SECTION
pol_liberty_1805efbe,sec_pol_liberty_1805efbe_a6761140,HAS_SECTION
pol_liberty_1805efbe,sec_pol_liberty_1805efbe_fd2b701c,HAS_SECTION
pol_liberty_1805efbe,sec_pol_liberty_1805efbe_13346adb,HAS_SECTION
pol_liberty_1805efbe,sec_pol_liberty_1805efbe_8f8a7301,HAS_SECTION
pol_liberty_1805efbe,sec_pol_liberty_1805efbe_6f30b243,HAS_SECTION
pol_liberty_1805efbe,sec_pol_liberty_1805efbe_1fed39b2,HAS_SECTION
pol_liberty_1805efbe,sec_pol_liberty_1805efbe_17f8a54f,HAS_SECTION
pol_liberty_1805efbe,sec_pol_liberty_1805efbe_9a85ffbb,HAS_SECTION
pol_liberty_1805efbe,sec_pol_liberty_1805efbe_3029b8ea,HAS_SECTION
pol_liberty_1805efbe,sec_pol_liberty_1805efbe_d90eda25,HAS_SECTION
pol_liberty_1805efbe,sec_pol_liberty_1805efbe_514a034d,HAS_SECTION
pol_liberty_1805efbe,sec_pol_liberty_1805efbe_a5d09b43,HAS_SECTION
pol_liberty_1805efbe,sec_pol_liberty_1805efbe_dcd051c3,HAS_SECTION
pol_liberty_1805efbe,sec_pol_liberty_1805efbe_f4f18d1f,HAS_SECTION
pol_liberty_1805efbe,sec_pol_liberty_1805efbe_28135dbe,HAS_SECTION
pol_liberty_1805efbe,sec_pol_liberty_1805efbe_c7b16746,HAS_SECTION
pol_liberty_1805efbe,sec_pol_liberty_1805efbe_95c7fb35,HAS_SECTION
pol_liberty_1805efbe,sec_pol_liberty_1805efbe_4777b832,HAS_SECTION
pol_liberty_1805efbe,sec_pol_liberty_1805efbe_bfef2434,HAS_SECTION
pol_liberty_1805efbe,sec_pol_liberty_1805efbe_738a965d,HAS_SECTION
pol_liberty_1805efbe,sec_pol_liberty_1805efbe_6a4be901,HAS_SECTION
pol_liberty_1805efbe,sec_pol_liberty_1805efbe_e5356ea9,HAS_SECTION
pol_liberty_1805efbe,sec_pol_liberty_1805efbe_c96536a4,HAS_SECTION
pol_liberty_1805efbe,sec_pol_liberty_1805efbe_3ca11f1b,HAS_SECTION
pol_liberty_1805efbe,sec_pol_liberty_1805efbe_62cf5c01,HAS_SECTION
pol_liberty_1805efbe,sec_pol_liberty_1805efbe_bb0ff63d,HAS_SECTION
pol_liberty_1805efbe,sec_pol_liberty_1805efbe_2822cbc8,HAS_SECTION
pol_liberty_1805efbe,sec_pol_liberty_1805efbe_9746d2c9,HAS_SECTION
pol_liberty_1805efbe,sec_pol_liberty_1805efbe_f3604ac4,HAS_SECTION
pol_liberty_1805efbe,sec_pol_liberty_1805efbe_497f8bb9,HAS_SECTION
pol_liberty_1805efbe,sec_pol_liberty_1805efbe_3e0551f3,HAS_SECTION
pol_liberty_1805efbe,sec_pol_liberty_1805efbe_229f2a9e,HAS_SECTION
pol_liberty_1805efbe,sec_pol_liberty_1805efbe_778a204f,HAS_SECTION
pol_liberty_1805efbe,sec_pol_liberty_1805efbe_ba9395a2,HAS_SECTION
pol_liberty_1805efbe,sec_pol_liberty_1805efbe_183a96c8,HAS_SECTION
pol_liberty_1805efbe,sec_pol_liberty_1805efbe_ba8669a1,HAS_SECTION
pol_liberty_1805efbe,sec_pol_liberty_1805efbe_7ecd8dd8,HAS_SECTION
pol_liberty_1805efbe,sec_pol_liberty_1805efbe_e5fd06a3,HAS_SECTION
pol_liberty_1805efbe,sec_pol_liberty_1805efbe_cf305ce1,HAS_SECTION
pol_liberty_1805efbe,sec_pol_liberty_1805efbe_ceff75fb,HAS_SECTION
pol_liberty_1805efbe,sec_pol_liberty_1805efbe_d39dcb9e,HAS_SECTION
pol_liberty_1805efbe,sec_pol_liberty_1805efbe_ac958209,HAS_SECTION
pol_liberty_1805efbe,sec_pol_liberty_1805efbe_99e54895,HAS_SECTION
pol_liberty_1805efbe,sec_pol_liberty_1805efbe_4802aca4,HAS_SECTION
pol_liberty_1805efbe,sec_pol_liberty_1805efbe_33ea1b8a,HAS_SECTION
pol_liberty_1805efbe,sec_pol_liberty_1805efbe_31af9ef6,HAS_SECTION
pol_liberty_1805efbe,sec_pol_liberty_1805efbe_204e6ccc,HAS_SECTION
pol_liberty_1805efbe,sec_pol_liberty_1805efbe_c844cf17,HAS_SECTION
pol_liberty_1805efbe,sec_pol_liberty_1805efbe_76d100b1,HAS_SECTION
pol_liberty_1805efbe,sec_pol_liberty_1805efbe_6098db5a,HAS_SECTION
pol_liberty_1805efbe,sec_pol_liberty_1805efbe_9499c08f,HAS_SECTION
pol_liberty_1805efbe,sec_pol_liberty_1805efbe_886f6fad,HAS_SECTION
pol_liberty_1805efbe,sec_pol_liberty_1805efbe_b75a13b8,HAS_SECTION
pol_liberty_1805efbe,sec_pol_liberty_1805efbe_c45c5f5a,HAS_SECTION
pol_liberty_1805efbe,sec_pol_liberty_1805efbe_8e6f0cd8,HAS_SECTION
pol_liberty_1805efbe,sec_pol_liberty_1805efbe_2a9200b1,HAS_SECTION
pol_liberty_1805efbe,sec_pol_liberty_1805efbe_397f82e9,HAS_SECTION
pol_liberty_1805efbe,sec_pol_liberty_1805efbe_c5daf626,HAS_SECTION
pol_liberty_1805efbe,sec_pol_liberty_1805efbe_f04eee60,HAS_SECTION
pol_liberty_1805efbe,sec_pol_liberty_1805efbe_c8ed2f22,HAS_SECTION
pol_liberty_1805efbe,sec_pol_liberty_1805efbe_3af03f40,HAS_SECTION
pol_liberty_1805efbe,sec_pol_liberty_1805efbe_c0ffb71d,HAS_SECTION
pol_liberty_1805efbe,sec_pol_liberty_1805efbe_bb53c3a5,HAS_SECTION
pol_liberty_1805efbe,sec_pol_liberty_1805efbe_41e7fdb3,HAS_SECTION
pol_liberty_1805efbe,sec_pol_liberty_1805efbe_ab36087c,HAS_SECTION
pol_liberty_1805efbe,sec_pol_liberty_1805efbe_30330511,HAS_SECTION
pol_liberty_1805efbe,sec_pol_liberty_1805efbe_0d9ddd7f,HAS_SECTION
pol_liberty_1805efbe,sec_pol_liberty_1805efbe_ac1b3940,HAS_SECTION
pol_liberty_1805efbe,sec_pol_liberty_1805efbe_767d0ff1,HAS_SECTION
pol_liberty_1805efbe,sec_pol_liberty_1805efbe_490d422d,HAS_SECTION
pol_liberty_1805efbe,sec_pol_liberty_1805efbe_3e7b0894,HAS_SECTION
pol_liberty_1805efbe,sec_pol_liberty_1805efbe_eac5a789,HAS_SECTION
pol_liberty_1805efbe,sec_pol_liberty_1805efbe_05ab38fd,HAS_SECTION
pol_liberty_1805efbe,sec_pol_liberty_1805efbe_17431c4c,HAS_SECTION
pol_liberty_1805efbe,sec_pol_liberty_1805efbe_db8894bd,HAS_SECTION
pol_liberty_1805efbe,sec_pol_liberty_1805efbe_25c45cc7,HAS_SECTION
pol_liberty_1805efbe,sec_pol_liberty_1805efbe_1da02e44,HAS_SECTION
pol_liberty_1805efbe,sec_pol_liberty_1805efbe_7d55ba5c,HAS_SECTION
pol_liberty_1805efbe,sec_pol_liberty_1805efbe_526f54ee,HAS_SECTION
pol_liberty_1805efbe,sec_pol_liberty_1805efbe_a178928e,HAS_SECTION
pol_liberty_1805efbe,sec_pol_liberty_1805efbe_2bd559fb,HAS_SECTION
pol_liberty_1805efbe,sec_pol_liberty_1805efbe_7ba09676,HAS_SECTION
pol_liberty_1805efbe,sec_pol_liberty_1805efbe_3668b40e,HAS_SECTION
pol_liberty_1805efbe,sec_pol_liberty_1805efbe_a5c2aba8,HAS_SECTION
pol_liberty_1805efbe,sec_pol_liberty_1805efbe_fd3a2192,HAS_SECTION
pol_liberty_1805efbe,sec_pol_liberty_1805efbe_c09e91ff,HAS_SECTION
pol_liberty_1805efbe,sec_pol_liberty_1805efbe_26c74039,HAS_SECTION
pol_liberty_1805efbe,sec_pol_liberty_1805efbe_b1b81019,HAS_SECTION
pol_liberty_1805efbe,sec_pol_liberty_1805efbe_17b58854,HAS_SECTION
pol_liberty_1805efbe,sec_pol_liberty_1805efbe_2b68be37,HAS_SECTION
pol_liberty_1805efbe,sec_pol_liberty_1805efbe_ce40f06e,HAS_SECTION
pol_liberty_1805efbe,sec_pol_liberty_1805efbe_1910df6a,HAS_SECTION
pol_liberty_1805efbe,sec_pol_liberty_1805efbe_5088b822,HAS_SECTION
pol_liberty_1805efbe,sec_pol_liberty_1805efbe_895714e4,HAS_SECTION
pol_liberty_1805efbe,sec_pol_liberty_1805efbe_6487e614,HAS_SECTION
pol_liberty_1805efbe,sec_pol_liberty_1805efbe_70e9949b,HAS_SECTION
pol_liberty_1805efbe,sec_pol_liberty_1805efbe_0a5918de,HAS_SECTION
pol_liberty_1805efbe,sec_pol_liberty_1805efbe_42d5be1e,HAS_SECTION
pol_liberty_1805efbe,sec_pol_liberty_1805efbe_bd4dd4b0,HAS_SECTION
pol_liberty_1805efbe,sec_pol_liberty_1805efbe_a55a2725,HAS_SECTION
pol_liberty_1805efbe,sec_pol_liberty_1805efbe_3b466276,HAS_SECTION
pol_liberty_1805efbe,sec_pol_liberty_1805efbe_5fbae203,HAS_SECTION
pol_liberty_1805efbe,sec_pol_liberty_1805efbe_9b5b98db,HAS_SECTION
pol_liberty_1805efbe,sec_pol_liberty_1805efbe_a02aceab,HAS_SECTION
pol_liberty_1805efbe,sec_pol_liberty_1805efbe_74f881e2,HAS_SECTION
pol_liberty_1805efbe,sec_pol_liberty_1805efbe_13222cef,HAS_SECTION
pol_liberty_1805efbe,sec_pol_liberty_1805efbe_6b828887,HAS_SECTION
pol_liberty_1805efbe,sec_pol_liberty_1805efbe_f5f94025,HAS_SECTION
pol_aig_dc5dd427,sec_pol_aig_dc5dd427_76def76a,HAS_SECTION
pol_aig_dc5dd427,sec_pol_aig_dc5dd427_b0b1a22f,HAS_SECTION
pol_aig_dc5dd427,sec_pol_aig_dc5dd427_3ff993f3,HAS_SECTION
pol_aig_dc5dd427,sec_pol_aig_dc5dd427_069b3d82,HAS_SECTION
pol_aig_dc5dd427,sec_pol_aig_dc5dd427_002f7ca7,HAS_SECTION
pol_aig_dc5dd427,sec_pol_aig_dc5dd427_3c375be3,HAS_SECTION
pol_aig_dc5dd427,sec_pol_aig_dc5dd427_f1cdbd32,HAS_SECTION
pol_aig_dc5dd427,sec_pol_aig_dc5dd427_982dca80,HAS_SECTION
pol_aig_dc5dd427,sec_pol_aig_dc5dd427_a213cbc8,HAS_SECTION
pol_aig_dc5dd427,sec_pol_aig_dc5dd427_17aba8ee,HAS_SECTION
pol_aig_dc5dd427,sec_pol_aig_dc5dd427_2e02c19e,HAS_SECTION
pol_aig_dc5dd427,sec_pol_aig_dc5dd427_3e311f9a,HAS_SECTION
pol_aig_dc5dd427,sec_pol_aig_dc5dd427_7127ed07,HAS_SECTION
pol_aig_dc5dd427,sec_pol_aig_dc5dd427_e775621d,HAS_SECTION
pol_aig_dc5dd427,sec_pol_aig_dc5dd427_343d9eba,HAS_SECTION
pol_aig_dc5dd427,sec_pol_aig_dc5dd427_74d30140,HAS_SECTION
pol_aig_dc5dd427,sec_pol_aig_dc5dd427_ce0528a0,HAS_SECTION
pol_aig_dc5dd427,sec_pol_aig_dc5dd427_5f71ce37,HAS_SECTION
pol_aig_dc5dd427,sec_pol_aig_dc5dd427_2a0f67d3,HAS_SECTION
pol_aig_dc5dd427,sec_pol_aig_dc5dd427_3e072453,HAS_SECTION
pol_aig_dc5dd427,sec_pol_aig_dc5dd427_ca353704,HAS_SECTION
pol_aig_dc5dd427,sec_pol_aig_dc5dd427_96ab3b2e,HAS_SECTION
pol_aig_dc5dd427,sec_pol_aig_dc5dd427_16f63bc2,HAS_SECTION
pol_aig_dc5dd427,sec_pol_aig_dc5dd427_538a9eef,HAS_SECTION
pol_aig_dc5dd427,sec_pol_aig_dc5dd427_050821fd,HAS_SECTION
pol_aig_dc5dd427,sec_pol_aig_dc5dd427_d1639bc0,HAS_SECTION
pol_aig_dc5dd427,sec_pol_aig_dc5dd427_bf9167b8,HAS_SECTION
pol_aig_dc5dd427,sec_pol_aig_dc5dd427_1346d13d,HAS_SECTION
pol_aig_dc5dd427,sec_pol_aig_dc5dd427_47eb0d0f,HAS_SECTION
pol_aig_dc5dd427,sec_pol_aig_dc5dd427_7488f3e7,HAS_SECTION
pol_aig_dc5dd427,sec_pol_aig_dc5dd427_9f3e8302,HAS_SECTION
pol_aig_dc5dd427,sec_pol_aig_dc5dd427_d9739889,HAS_SECTION
pol_aig_dc5dd427,sec_pol_aig_dc5dd427_6174e9d4,HAS_SECTION
pol_aig_dc5dd427,sec_pol_aig_dc5dd427_5ef638f7,HAS_SECTION
pol_aig_dc5dd427,sec_pol_aig_dc5dd427_9999b005,HAS_SECTION
pol_aig_dc5dd427,sec_pol_aig_dc5dd427_2dd1e84f,HAS_SECTION
pol_aig_dc5dd427,sec_pol_aig_dc5dd427_ff1fd979,HAS_SECTION
pol_aig_dc5dd427,sec_pol_aig_dc5dd427_2598ed6f,HAS_SECTION
pol_aig_dc5dd427,sec_pol_aig_dc5dd427_0426bdbd,HAS_SECTION
pol_aig_dc5dd427,sec_pol_aig_dc5dd427_6e913c6c,HAS_SECTION
pol_aig_dc5dd427,sec_pol_aig_dc5dd427_35afc783,HAS_SECTION
pol_aig_dc5dd427,sec_pol_aig_dc5dd427_e661ad41,HAS_SECTION
pol_aig_dc5dd427,sec_pol_aig_dc5dd427_e137fd01,HAS_SECTION
pol_aig_dc5dd427,sec_pol_aig_dc5dd427_32dd7d3e,HAS_SECTION
pol_aig_dc5dd427,sec_pol_aig_dc5dd427_0f0305a0,HAS_SECTION
pol_aig_dc5dd427,sec_pol_aig_dc5dd427_2ee8c8ad,HAS_SECTION
pol_aig_dc5dd427,sec_pol_aig_dc5dd427_1aac921f,HAS_SECTION
pol_aig_dc5dd427,sec_pol_aig_dc5dd427_8ac6edf3,HAS_SECTION
pol_aig_dc5dd427,sec_pol_aig_dc5dd427_a80c46e5,HAS_SECTION
pol_aig_dc5dd427,sec_pol_aig_dc5dd427_156cfd30,HAS_SECTION
pol_aig_dc5dd427,sec_pol_aig_dc5dd427_9a15d676,HAS_SECTION
pol_aig_dc5dd427,sec_pol_aig_dc5dd427_1160c75b,HAS_SECTION
pol_aig_dc5dd427,sec_pol_aig_dc5dd427_80cf9f73,HAS_SECTION
pol_aig_dc5dd427,sec_pol_aig_dc5dd427_6e5bd008,HAS_SECTION
pol_aig_dc5dd427,sec_pol_aig_dc5dd427_4774a8a4,HAS_SECTION
pol_aig_dc5dd427,sec_pol_aig_dc5dd427_d27627fa,HAS_SECTION
pol_aig_dc5dd427,sec_pol_aig_dc5dd427_929a901f,HAS_SECTION
pol_aig_dc5dd427,sec_pol_aig_dc5dd427_1585525f,HAS_SECTION
pol_aig_dc5dd427,sec_pol_aig_dc5dd427_f90eb518,HAS_SECTION
pol_aig_dc5dd427,sec_pol_aig_dc5dd427_4113b814,HAS_SECTION
pol_aig_dc5dd427,sec_pol_aig_dc5dd427_1c682412,HAS_SECTION
pol_aig_dc5dd427,sec_pol_aig_dc5dd427_9ef65824,HAS_SECTION
pol_aig_dc5dd427,sec_pol_aig_dc5dd427_73cbcbc1,HAS_SECTION
pol_aig_dc5dd427,sec_pol_aig_dc5dd427_847eade9,HAS_SECTION
pol_aig_dc5dd427,sec_pol_aig_dc5dd427_fe003689,HAS_SECTION
pol_aig_dc5dd427,sec_pol_aig_dc5dd427_a52ac7cc,HAS_SECTION
pol_aig_dc5dd427,sec_pol_aig_dc5dd427_23d3aba3,HAS_SECTION
pol_aig_dc5dd427,sec_pol_aig_dc5dd427_f04bca23,HAS_SECTION
pol_aig_dc5dd427,sec_pol_aig_dc5dd427_9fe9f426,HAS_SECTION
pol_aig_dc5dd427,sec_pol_aig_dc5dd427_889009ad,HAS_SECTION
pol_aig_dc5dd427,sec_pol_aig_dc5dd427_31617346,HAS_SECTION
pol_aig_dc5dd427,sec_pol_aig_dc5dd427_2894cdf2,HAS_SECTION
pol_aig_dc5dd427,sec_pol_aig_dc5dd427_a4167085,HAS_SECTION
pol_aig_dc5dd427,sec_pol_aig_dc5dd427_31611ab9,HAS_SECTION
pol_aig_dc5dd427,sec_pol_aig_dc5dd427_ec8d4cca,HAS_SECTION
pol_aig_dc5dd427,sec_pol_aig_dc5dd427_dfbc6a19,HAS_SECTION
pol_aig_dc5dd427,sec_pol_aig_dc5dd427_d462c1d0,HAS_SECTION
pol_aig_dc5dd427,sec_pol_aig_dc5dd427_286a832f,HAS_SECTION
pol_aig_dc5dd427,sec_pol_aig_dc5dd427_0f9facf7,HAS_SECTION
pol_aig_dc5dd427,sec_pol_aig_dc5dd427_164b15ff,HAS_SECTION
pol_aig_dc5dd427,sec_pol_aig_dc5dd427_8e5b0c65,HAS_SECTION
pol_aig_dc5dd427,sec_pol_aig_dc5dd427_a0e03dd4,HAS_SECTION
pol_aig_dc5dd427,sec_pol_aig_dc5dd427_32e616a6,HAS_SECTION
pol_aig_dc5dd427,sec_pol_aig_dc5dd427_59dd7057,HAS_SECTION
pol_aig_dc5dd427,sec_pol_aig_dc5dd427_1929b756,HAS_SECTION
pol_aig_dc5dd427,sec_pol_aig_dc5dd427_6839bf17,HAS_SECTION
pol_aig_dc5dd427,sec_pol_aig_dc5dd427_5afe0ae4,HAS_SECTION
pol_aig_dc5dd427,sec_pol_aig_dc5dd427_610481b8,HAS_SECTION
pol_aig_dc5dd427,sec_pol_aig_dc5dd427_ea9dfad9,HAS_SECTION
pol_aig_dc5dd427,sec_pol_aig_dc5dd427_1ed0447d,HAS_SECTION
pol_aig_dc5dd427,sec_pol_aig_dc5dd427_ceee3e90,HAS_SECTION
pol_aig_dc5dd427,sec_pol_aig_dc5dd427_52c7c911,HAS_SECTION
pol_aig_dc5dd427,sec_pol_aig_dc5dd427_105f339d,HAS_SECTION
pol_aig_dc5dd427,sec_pol_aig_dc5dd427_9862ac0a,HAS_SECTION
pol_aig_dc5dd427,sec_pol_aig_dc5dd427_b75e0f1e,HAS_SECTION
pol_aig_dc5dd427,sec_pol_aig_dc5dd427_d0e1a2fc,HAS_SECTION
pol_aig_dc5dd427,sec_pol_aig_dc5dd427_160c9530,HAS_SECTION
pol_aig_dc5dd427,sec_pol_aig_dc5dd427_7d9bc0b2,HAS_SECTION
pol_aig_dc5dd427,sec_pol_aig_dc5dd427_6c83fd3d,HAS_SECTION
pol_aig_dc5dd427,sec_pol_aig_dc5dd427_4667266d,HAS_SECTION
pol_aig_dc5dd427,sec_pol_aig_dc5dd427_d8f40f95,HAS_SECTION
pol_aig_dc5dd427,sec_pol_aig_dc5dd427_25ba02a0,HAS_SECTION
pol_aig_dc5dd427,sec_pol_aig_dc5dd427_8cc5a05f,HAS_SECTION
pol_aig_dc5dd427,sec_pol_aig_dc5dd427_978f6931,HAS_SECTION
pol_aig_dc5dd427,sec_pol_aig_dc5dd427_7b6015cc,HAS_SECTION
pol_aig_dc5dd427,sec_pol_aig_dc5dd427_a4445fd3,HAS_SECTION
pol_aig_dc5dd427,sec_pol_aig_dc5dd427_1414bf04,HAS_SECTION
pol_aig_dc5dd427,sec_pol_aig_dc5dd427_0bd216dc,HAS_SECTION
pol_aig_dc5dd427,sec_pol_aig_dc5dd427_9d2548d9,HAS_SECTION
pol_aig_dc5dd427,sec_pol_aig_dc5dd427_0c747b06,HAS_SECTION
pol_aig_dc5dd427,sec_pol_aig_dc5dd427_7aee1ee5,HAS_SECTION
pol_aig_dc5dd427,sec_pol_aig_dc5dd427_f839cb70,HAS_SECTION
pol_aig_dc5dd427,sec_pol_aig_dc5dd427_cfd5b4c8,HAS_SECTION
pol_aig_dc5dd427,sec_pol_aig_dc5dd427_11da8895,HAS_SECTION
pol_aig_dc5dd427,sec_pol_aig_dc5dd427_f34bf3ba,HAS_SECTION
pol_aig_dc5dd427,sec_pol_aig_dc5dd427_03c3520d,HAS_SECTION
pol_aig_dc5dd427,sec_pol_aig_dc5dd427_859f6e4e,HAS_SECTION
pol_aig_dc5dd427,sec_pol_aig_dc5dd427_92718f48,HAS_SECTION
pol_aig_dc5dd427,sec_pol_aig_dc5dd427_bafec9f2,HAS_SECTION
pol_aig_dc5dd427,sec_pol_aig_dc5dd427_a25423d3,HAS_SECTION
pol_aig_dc5dd427,sec_pol_aig_dc5dd427_fa77f073,HAS_SECTION
pol_aig_dc5dd427,sec_pol_aig_dc5dd427_d9e98501,HAS_SECTION
pol_aig_dc5dd427,sec_pol_aig_dc5dd427_e2174632,HAS_SECTION
pol_aig_dc5dd427,sec_pol_aig_dc5dd427_2acb513c,HAS_SECTION
pol_aig_dc5dd427,sec_pol_aig_dc5dd427_0d7cc44a,HAS_SECTION
pol_aig_dc5dd427,sec_pol_aig_dc5dd427_ea95219c,HAS_SECTION
pol_aig_dc5dd427,sec_pol_aig_dc5dd427_98f11f1b,HAS_SECTION
pol_aig_dc5dd427,sec_pol_aig_dc5dd427_5263734d,HAS_SECTION
pol_aig_dc5dd427,sec_pol_aig_dc5dd427_db2befdf,HAS_SECTION
pol_aig_dc5dd427,sec_pol_aig_dc5dd427_d9401ec8,HAS_SECTION
pol_aig_dc5dd427,sec_pol_aig_dc5dd427_eae6ca80,HAS_SECTION
pol_aig_dc5dd427,sec_pol_aig_dc5dd427_315df408,HAS_SECTION
pol_aig_dc5dd427,sec_pol_aig_dc5dd427_a6c843fe,HAS_SECTION
pol_aig_dc5dd427,sec_pol_aig_dc5dd427_22a075af,HAS_SECTION
pol_aig_dc5dd427,sec_pol_aig_dc5dd427_9b6cbb38,HAS_SECTION
pol_aig_dc5dd427,sec_pol_aig_dc5dd427_4d475724,HAS_SECTION
pol_aig_dc5dd427,sec_pol_aig_dc5dd427_bb79eb1e,HAS_SECTION
pol_aig_dc5dd427,sec_pol_aig_dc5dd427_f8b0b3a9,HAS_SECTION
pol_aig_dc5dd427,sec_pol_aig_dc5dd427_e0472f30,HAS_SECTION
pol_aig_dc5dd427,sec_pol_aig_dc5dd427_e4c21451,HAS_SECTION
pol_aig_dc5dd427,sec_pol_aig_dc5dd427_91fec403,HAS_SECTION
pol_aig_dc5dd427,sec_pol_aig_dc5dd427_3da13e0f,HAS_SECTION
pol_aig_dc5dd427,sec_pol_aig_dc5dd427_003fb494,HAS_SECTION
pol_aig_dc5dd427,sec_pol_aig_dc5dd427_762e116a,HAS_SECTION
pol_aig_dc5dd427,sec_pol_aig_dc5dd427_e3726531,HAS_SECTION
pol_aig_dc5dd427,sec_pol_aig_dc5dd427_8ce54181,HAS_SECTION
pol_aig_dc5dd427,sec_pol_aig_dc5dd427_4b04ca52,HAS_SECTION
pol_aig_dc5dd427,sec_pol_aig_dc5dd427_696a2f3e,HAS_SECTION
pol_aig_dc5dd427,sec_pol_aig_dc5dd427_7e803a4c,HAS_SECTION
pol_aig_dc5dd427,sec_pol_aig_dc5dd427_3c10e5b6,HAS_SECTION
pol_aig_dc5dd427,sec_pol_aig_dc5dd427_c1ddc7d4,HAS_SECTION
pol_aig_dc5dd427,sec_pol_aig_dc5dd427_2b8abf40,HAS_SECTION
pol_aig_dc5dd427,sec_pol_aig_dc5dd427_c9773658,HAS_SECTION
pol_aig_dc5dd427,sec_pol_aig_dc5dd427_1348d0a8,HAS_SECTION
pol_aig_dc5dd427,sec_pol_aig_dc5dd427_58c7b300,HAS_SECTION
pol_aig_dc5dd427,sec_pol_aig_dc5dd427_8db62695,HAS_SECTION
pol_aig_dc5dd427,sec_pol_aig_dc5dd427_1845c507,HAS_SECTION
pol_aig_dc5dd427,sec_pol_aig_dc5dd427_65622441,HAS_SECTION
pol_aig_dc5dd427,sec_pol_aig_dc5dd427_811a48cf,HAS_SECTION
pol_aig_dc5dd427,sec_pol_aig_dc5dd427_7b048558,HAS_SECTION
pol_aig_dc5dd427,sec_pol_aig_dc5dd427_55c0dc66,HAS_SECTION
pol_aig_dc5dd427,sec_pol_aig_dc5dd427_cab3a055,HAS_SECTION
pol_aig_dc5dd427,sec_pol_aig_dc5dd427_caa7f306,HAS_SECTION
pol_aig_dc5dd427,sec_pol_aig_dc5dd427_a5fb0e86,HAS_SECTION
pol_aig_dc5dd427,sec_pol_aig_dc5dd427_35cea410,HAS_SECTION
pol_aig_dc5dd427,sec_pol_aig_dc5dd427_b078fb51,HAS_SECTION
pol_aig_dc5dd427,sec_pol_aig_dc5dd427_5041cea4,HAS_SECTION
pol_aig_dc5dd427,sec_pol_aig_dc5dd427_56ceac87,HAS_SECTION
pol_aig_dc5dd427,sec_pol_aig_dc5dd427_fb9ec000,HAS_SECTION
pol_aig_dc5dd427,sec_pol_aig_dc5dd427_af6ce196,HAS_SECTION
pol_aig_dc5dd427,sec_pol_aig_dc5dd427_c7723cd5,HAS_SECTION
pol_aig_dc5dd427,sec_pol_aig_dc5dd427_7888402d,HAS_SECTION
pol_aig_dc5dd427,sec_pol_aig_dc5dd427_88fe5d31,HAS_SECTION
pol_aig_dc5dd427,sec_pol_aig_dc5dd427_52008560,HAS_SECTION
pol_aig_dc5dd427,sec_pol_aig_dc5dd427_ede2c6af,HAS_SECTION
pol_aig_dc5dd427,sec_pol_aig_dc5dd427_7e2e1826,HAS_SECTION
pol_aig_dc5dd427,sec_pol_aig_dc5dd427_434ff79d,HAS_SECTION
pol_aig_dc5dd427,sec_pol_aig_dc5dd427_cfbcf7b2,HAS_SECTION
pol_aig_dc5dd427,sec_pol_aig_dc5dd427_137fcd21,HAS_SECTION
pol_aig_dc5dd427,sec_pol_aig_dc5dd427_7bf09ebd,HAS_SECTION
pol_aig_dc5dd427,sec_pol_aig_dc5dd427_c3bee74d,HAS_SECTION
pol_aig_dc5dd427,sec_pol_aig_dc5dd427_497c12e8,HAS_SECTION
pol_aig_dc5dd427,sec_pol_aig_dc5dd427_8599e5b0,HAS_SECTION
pol_aig_dc5dd427,sec_pol_aig_dc5dd427_b483a22f,HAS_SECTION
pol_aig_dc5dd427,sec_pol_aig_dc5dd427_8c42d5a9,HAS_SECTION
pol_aig_dc5dd427,sec_pol_aig_dc5dd427_a7828d77,HAS_SECTION
pol_aig_dc5dd427,sec_pol_aig_dc5dd427_6d771c56,HAS_SECTION
pol_aig_dc5dd427,sec_pol_aig_dc5dd427_2785e2e4,HAS_SECTION
pol_aig_dc5dd427,sec_pol_aig_dc5dd427_770bfd75,HAS_SECTION
pol_aig_dc5dd427,sec_pol_aig_dc5dd427_c55f8f7b,HAS_SECTION
pol_aig_dc5dd427,sec_pol_aig_dc5dd427_bc28d3b8,HAS_SECTION
pol_aig_dc5dd427,sec_pol_aig_dc5dd427_1f666ac7,HAS_SECTION
pol_aig_dc5dd427,sec_pol_aig_dc5dd427_53207894,HAS_SECTION
pol_aig_dc5dd427,sec_pol_aig_dc5dd427_997f817e,HAS_SECTION
pol_aig_dc5dd427,sec_pol_aig_dc5dd427_a11917e0,HAS_SECTION
pol_aig_dc5dd427,sec_pol_aig_dc5dd427_804f0559,HAS_SECTION
pol_aig_dc5dd427,sec_pol_aig_dc5dd427_aae8bffc,HAS_SECTION
pol_aig_dc5dd427,sec_pol_aig_dc5dd427_da360d0e,HAS_SECTION
pol_aig_dc5dd427,sec_pol_aig_dc5dd427_c4ea2f3f,HAS_SECTION
pol_aig_dc5dd427,sec_pol_aig_dc5dd427_56a55b6d,HAS_SECTION
pol_aig_dc5dd427,sec_pol_aig_dc5dd427_364c5d62,HAS_SECTION
pol_aig_dc5dd427,sec_pol_aig_dc5dd427_852b6918,HAS_SECTION
pol_aig_dc5dd427,sec_pol_aig_dc5dd427_c34ffc0f,HAS_SECTION
pol_aig_dc5dd427,sec_pol_aig_dc5dd427_6493286f,HAS_SECTION
pol_aig_dc5dd427,sec_pol_aig_dc5dd427_36f2ef96,HAS_SECTION
pol_aig_dc5dd427,sec_pol_aig_dc5dd427_8f48b9b4,HAS_SECTION
pol_aig_dc5dd427,sec_pol_aig_dc5dd427_1c3e1724,HAS_SECTION
pol_aig_dc5dd427,sec_pol_aig_dc5dd427_efb05888,HAS_SECTION
pol_aig_dc5dd427,sec_pol_aig_dc5dd427_8db48960,HAS_SECTION
pol_aig_dc5dd427,sec_pol_aig_dc5dd427_2e770a13,HAS_SECTION
pol_aig_dc5dd427,sec_pol_aig_dc5dd427_85c20ca5,HAS_SECTION
pol_aig_dc5dd427,sec_pol_aig_dc5dd427_d05b1b8d,HAS_SECTION
pol_aig_dc5dd427,sec_pol_aig_dc5dd427_9e29ce63,HAS_SECTION
pol_aig_dc5dd427,sec_pol_aig_dc5dd427_f77ca76c,HAS_SECTION
pol_aig_dc5dd427,sec_pol_aig_dc5dd427_a6cca0b3,HAS_SECTION
pol_aig_dc5dd427,sec_pol_aig_dc5dd427_4a533b88,HAS_SECTION
pol_aig_dc5dd427,sec_pol_aig_dc5dd427_84ac1047,HAS_SECTION
pol_aig_dc5dd427,sec_pol_aig_dc5dd427_dcb0f85b,HAS_SECTION
pol_aig_dc5dd427,sec_pol_aig_dc5dd427_56f78768,HAS_SECTION
pol_aig_dc5dd427,sec_pol_aig_dc5dd427_f8e3022c,HAS_SECTION
pol_aig_dc5dd427,sec_pol_aig_dc5dd427_b036589b,HAS_SECTION
pol_aig_dc5dd427,sec_pol_aig_dc5dd427_da509ac9,HAS_SECTION
pol_aig_dc5dd427,sec_pol_aig_dc5dd427_17c6262e,HAS_SECTION
pol_aig_dc5dd427,sec_pol_aig_dc5dd427_ac8fe24f,HAS_SECTION
pol_aig_dc5dd427,sec_pol_aig_dc5dd427_86acd376,HAS_SECTION
pol_aig_dc5dd427,sec_pol_aig_dc5dd427_24640445,HAS_SECTION
pol_aig_dc5dd427,sec_pol_aig_dc5dd427_a14eb53f,HAS_SECTION
pol_unknown_27bc5d83,sec_pol_unknown_27bc5d83_5e5023d0,HAS_SECTION
pol_unknown_27bc5d83,sec_pol_unknown_27bc5d83_c477ce53,HAS_SECTION
pol_unknown_27bc5d83,sec_pol_unknown_27bc5d83_792db598,HAS_SECTION
pol_unknown_27bc5d83,sec_pol_unknown_27bc5d83_091ea180,HAS_SECTION
pol_unknown_27bc5d83,sec_pol_unknown_27bc5d83_03fea5a5,HAS_SECTION
pol_unknown_27bc5d83,sec_pol_unknown_27bc5d83_2198f51c,HAS_SECTION
pol_unknown_27bc5d83,sec_pol_unknown_27bc5d83_c70c175f,HAS_SECTION
pol_unknown_27bc5d83,sec_pol_unknown_27bc5d83_64be717a,HAS_SECTION
pol_unknown_27bc5d83,sec_pol_unknown_27bc5d83_b84dbf65,HAS_SECTION
pol_unknown_27bc5d83,sec_pol_unknown_27bc5d83_f7d780ec,HAS_SECTION
pol_unknown_27bc5d83,sec_pol_unknown_27bc5d83_b2600b8b,HAS_SECTION
pol_unknown_27bc5d83,sec_pol_unknown_27bc5d83_d01741cb,HAS_SECTION
pol_unknown_27bc5d83,sec_pol_unknown_27bc5d83_fb00f384,HAS_SECTION
pol_unknown_27bc5d83,sec_pol_unknown_27bc5d83_566976ae,HAS_SECTION
pol_unknown_27bc5d83,sec_pol_unknown_27bc5d83_dc10022b,HAS_SECTION
pol_unknown_27bc5d83,sec_pol_unknown_27bc5d83_1b96df71,HAS_SECTION
pol_unknown_27bc5d83,sec_pol_unknown_27bc5d83_f6082b53,HAS_SECTION
pol_unknown_27bc5d83,sec_pol_unknown_27bc5d83_e97e21f0,HAS_SECTION
pol_unknown_27bc5d83,sec_pol_unknown_27bc5d83_b1054038,HAS_SECTION
pol_unknown_27bc5d83,sec_pol_unknown_27bc5d83_115ee6ca,HAS_SECTION
pol_unknown_27bc5d83,sec_pol_unknown_27bc5d83_c0945508,HAS_SECTION
pol_unknown_27bc5d83,sec_pol_unknown_27bc5d83_c1170d74,HAS_SECTION
pol_unknown_27bc5d83,sec_pol_unknown_27bc5d83_d8b1b39e,HAS_SECTION
pol_unknown_27bc5d83,sec_pol_unknown_27bc5d83_ac79d037,HAS_SECTION
pol_unknown_27bc5d83,sec_pol_unknown_27bc5d83_db2f94ad,HAS_SECTION
pol_unknown_27bc5d83,sec_pol_unknown_27bc5d83_564a1146,HAS_SECTION
pol_unknown_27bc5d83,sec_pol_unknown_27bc5d83_92f52e77,HAS_SECTION
pol_unknown_27bc5d83,sec_pol_unknown_27bc5d83_0446f4b7,HAS_SECTION
pol_unknown_27bc5d83,sec_pol_unknown_27bc5d83_4581b531,HAS_SECTION
pol_unknown_27bc5d83,sec_pol_unknown_27bc5d83_76322985,HAS_SECTION
pol_unknown_27bc5d83,sec_pol_unknown_27bc5d83_d419e4ea,HAS_SECTION
pol_unknown_27bc5d83,sec_pol_unknown_27bc5d83_02899c85,HAS_SECTION
pol_unknown_27bc5d83,sec_pol_unknown_27bc5d83_35dd08ec,HAS_SECTION
pol_unknown_27bc5d83,sec_pol_unknown_27bc5d83_94dd1e44,HAS_SECTION
pol_unknown_27bc5d83,sec_pol_unknown_27bc5d83_7e8718cd,HAS_SECTION
pol_unknown_27bc5d83,sec_pol_unknown_27bc5d83_a2ef2ffd,HAS_SECTION
pol_unknown_27bc5d83,sec_pol_unknown_27bc5d83_15e0f995,HAS_SECTION
pol_unknown_27bc5d83,sec_pol_unknown_27bc5d83_4c1892e0,HAS_SECTION
pol_unknown_27bc5d83,sec_pol_unknown_27bc5d83_48e027e5,HAS_SECTION
pol_unknown_27bc5d83,sec_pol_unknown_27bc5d83_d6a9a41e,HAS_SECTION
pol_unknown_27bc5d83,sec_pol_unknown_27bc5d83_fcf03cc6,HAS_SECTION
pol_unknown_27bc5d83,sec_pol_unknown_27bc5d83_b8cee684,HAS_SECTION
pol_unknown_27bc5d83,sec_pol_unknown_27bc5d83_cf7a8ced,HAS_SECTION
pol_unknown_27bc5d83,sec_pol_unknown_27bc5d83_cb281c32,HAS_SECTION
pol_unknown_27bc5d83,sec_pol_unknown_27bc5d83_343fc835,HAS_SECTION
pol_unknown_27bc5d83,sec_pol_unknown_27bc5d83_05d35f3e,HAS_SECTION
pol_unknown_27bc5d83,sec_pol_unknown_27bc5d83_d2966654,HAS_SECTION
pol_unknown_27bc5d83,sec_pol_unknown_27bc5d83_702868f9,HAS_SECTION
pol_unknown_27bc5d83,sec_pol_unknown_27bc5d83_a6f67674,HAS_SECTION
pol_unknown_27bc5d83,sec_pol_unknown_27bc5d83_da914eb6,HAS_SECTION
pol_unknown_27bc5d83,sec_pol_unknown_27bc5d83_60a748a3,HAS_SECTION
pol_unknown_27bc5d83,sec_pol_unknown_27bc5d83_6b5f4276,HAS_SECTION
pol_unknown_27bc5d83,sec_pol_unknown_27bc5d83_da42e2db,HAS_SECTION
pol_unknown_27bc5d83,sec_pol_unknown_27bc5d83_af5c324d,HAS_SECTION
pol_unknown_27bc5d83,sec_pol_unknown_27bc5d83_9efef518,HAS_SECTION
pol_unknown_27bc5d83,sec_pol_unknown_27bc5d83_33f181c4,HAS_SECTION
pol_unknown_27bc5d83,sec_pol_unknown_27bc5d83_be22bb78,HAS_SECTION
pol_unknown_27bc5d83,sec_pol_unknown_27bc5d83_6a3b0bd7,HAS_SECTION
pol_unknown_27bc5d83,sec_pol_unknown_27bc5d83_a8ab1dae,HAS_SECTION
pol_unknown_27bc5d83,sec_pol_unknown_27bc5d83_8e3194e7,HAS_SECTION
pol_unknown_27bc5d83,sec_pol_unknown_27bc5d83_34e6b154,HAS_SECTION
pol_unknown_27bc5d83,sec_pol_unknown_27bc5d83_d5a084ad,HAS_SECTION
pol_unknown_27bc5d83,sec_pol_unknown_27bc5d83_7e620921,HAS_SECTION
pol_unknown_27bc5d83,sec_pol_unknown_27bc5d83_31a67c29,HAS_SECTION
pol_unknown_27bc5d83,sec_pol_unknown_27bc5d83_b7f3a7b3,HAS_SECTION
pol_unknown_27bc5d83,sec_pol_unknown_27bc5d83_1c18c9c2,HAS_SECTION
pol_unknown_27bc5d83,sec_pol_unknown_27bc5d83_5cdd0b98,HAS_SECTION
pol_unknown_27bc5d83,sec_pol_unknown_27bc5d83_72947abd,HAS_SECTION
pol_unknown_27bc5d83,sec_pol_unknown_27bc5d83_081d5b5e,HAS_SECTION
pol_unknown_27bc5d83,sec_pol_unknown_27bc5d83_56837a86,HAS_SECTION
pol_unknown_27bc5d83,sec_pol_unknown_27bc5d83_e3ad32fc,HAS_SECTION
pol_unknown_27bc5d83,sec_pol_unknown_27bc5d83_149838b2,HAS_SECTION
pol_unknown_27bc5d83,sec_pol_unknown_27bc5d83_78d54715,HAS_SECTION
pol_unknown_27bc5d83,sec_pol_unknown_27bc5d83_05924d9f,HAS_SECTION
pol_unknown_27bc5d83,sec_pol_unknown_27bc5d83_85cb58da,HAS_SECTION
pol_unknown_27bc5d83,sec_pol_unknown_27bc5d83_2e2c739a,HAS_SECTION
pol_unknown_27bc5d83,sec_pol_unknown_27bc5d83_d0a88d7c,HAS_SECTION
pol_unknown_27bc5d83,sec_pol_unknown_27bc5d83_5c574ffa,HAS_SECTION
pol_unknown_27bc5d83,sec_pol_unknown_27bc5d83_49ac1d54,HAS_SECTION
pol_unknown_27bc5d83,sec_pol_unknown_27bc5d83_19104313,HAS_SECTION
pol_unknown_27bc5d83,sec_pol_unknown_27bc5d83_f21a671b,HAS_SECTION
pol_unknown_27bc5d83,sec_pol_unknown_27bc5d83_76ea6f1b,HAS_SECTION
pol_unknown_27bc5d83,sec_pol_unknown_27bc5d83_987203ea,HAS_SECTION
pol_unknown_27bc5d83,sec_pol_unknown_27bc5d83_25c2826d,HAS_SECTION
pol_unknown_27bc5d83,sec_pol_unknown_27bc5d83_990ff0bb,HAS_SECTION
pol_unknown_27bc5d83,sec_pol_unknown_27bc5d83_018acd9d,HAS_SECTION
pol_unknown_27bc5d83,sec_pol_unknown_27bc5d83_db199870,HAS_SECTION
pol_unknown_27bc5d83,sec_pol_unknown_27bc5d83_d2f1b376,HAS_SECTION
pol_unknown_27bc5d83,sec_pol_unknown_27bc5d83_26be8e00,HAS_SECTION
pol_unknown_27bc5d83,sec_pol_unknown_27bc5d83_b749468c,HAS_SECTION
pol_unknown_27bc5d83,sec_pol_unknown_27bc5d83_0de33444,HAS_SECTION
pol_unknown_27bc5d83,sec_pol_unknown_27bc5d83_b2c904d7,HAS_SECTION
pol_unknown_27bc5d83,sec_pol_unknown_27bc5d83_a730494a,HAS_SECTION
pol_unknown_27bc5d83,sec_pol_unknown_27bc5d83_3e8a3234,HAS_SECTION
pol_unknown_27bc5d83,sec_pol_unknown_27bc5d83_2aa0e4e2,HAS_SECTION
pol_unknown_27bc5d83,sec_pol_unknown_27bc5d83_db670540,HAS_SECTION
pol_unknown_27bc5d83,sec_pol_unknown_27bc5d83_2d5f0208,HAS_SECTION
pol_unknown_27bc5d83,sec_pol_unknown_27bc5d83_2d4c6520,HAS_SECTION
pol_unknown_27bc5d83,sec_pol_unknown_27bc5d83_67ea56c2,HAS_SECTION
pol_unknown_27bc5d83,sec_pol_unknown_27bc5d83_d07f5bf3,HAS_SECTION
pol_unknown_27bc5d83,sec_pol_unknown_27bc5d83_6cb847d0,HAS_SECTION
pol_unknown_27bc5d83,sec_pol_unknown_27bc5d83_0ceef3d8,HAS_SECTION
pol_unknown_27bc5d83,sec_pol_unknown_27bc5d83_3b4ad927,HAS_SECTION
pol_unknown_27bc5d83,sec_pol_unknown_27bc5d83_b1450a69,HAS_SECTION
pol_unknown_27bc5d83,sec_pol_unknown_27bc5d83_4509304e,HAS_SECTION
pol_unknown_27bc5d83,sec_pol_unknown_27bc5d83_26d2a805,HAS_SECTION
pol_unknown_27bc5d83,sec_pol_unknown_27bc5d83_5c094c80,HAS_SECTION
pol_unknown_27bc5d83,sec_pol_unknown_27bc5d83_6576e689,HAS_SECTION
pol_unknown_27bc5d83,sec_pol_unknown_27bc5d83_a0a3daa0,HAS_SECTION
pol_unknown_27bc5d83,sec_pol_unknown_27bc5d83_839d77a0,HAS_SECTION
pol_unknown_27bc5d83,sec_pol_unknown_27bc5d83_704238a8,HAS_SECTION
pol_unknown_27bc5d83,sec_pol_unknown_27bc5d83_f5800a8b,HAS_SECTION
pol_unknown_27bc5d83,sec_pol_unknown_27bc5d83_6d2fd210,HAS_SECTION
pol_unknown_27bc5d83,sec_pol_unknown_27bc5d83_e1d1390f,HAS_SECTION
pol_unknown_27bc5d83,sec_pol_unknown_27bc5d83_6e37a71c,HAS_SECTION
pol_unknown_27bc5d83,sec_pol_unknown_27bc5d83_f48e4129,HAS_SECTION
pol_unknown_27bc5d83,sec_pol_unknown_27bc5d83_f215f791,HAS_SECTION
pol_unknown_27bc5d83,sec_pol_unknown_27bc5d83_20f7e536,HAS_SECTION
pol_unknown_27bc5d83,sec_pol_unknown_27bc5d83_eb31e81e,HAS_SECTION
pol_unknown_27bc5d83,sec_pol_unknown_27bc5d83_6391125d,HAS_SECTION
pol_unknown_27bc5d83,sec_pol_unknown_27bc5d83_44601900,HAS_SECTION
pol_unknown_27bc5d83,sec_pol_unknown_27bc5d83_69f9d710,HAS_SECTION
pol_unknown_27bc5d83,sec_pol_unknown_27bc5d83_4d785f6d,HAS_SECTION
pol_unknown_27bc5d83,sec_pol_unknown_27bc5d83_395ee1ae,HAS_SECTION
pol_unknown_27bc5d83,sec_pol_unknown_27bc5d83_9e34d8df,HAS_SECTION
pol_unknown_27bc5d83,sec_pol_unknown_27bc5d83_d62615de,HAS_SECTION
pol_unknown_27bc5d83,sec_pol_unknown_27bc5d83_346c8aa9,HAS_SECTION
pol_unknown_27bc5d83,sec_pol_unknown_27bc5d83_c8113178,HAS_SECTION
pol_unknown_27bc5d83,sec_pol_unknown_27bc5d83_92b64cd2,HAS_SECTION
pol_unknown_27bc5d83,sec_pol_unknown_27bc5d83_f87aa603,HAS_SECTION
pol_unknown_27bc5d83,sec_pol_unknown_27bc5d83_f3afe0e9,HAS_SECTION
pol_unknown_27bc5d83,sec_pol_unknown_27bc5d83_33585bc4,HAS_SECTION
pol_unknown_27bc5d83,sec_pol_unknown_27bc5d83_467cd667,HAS_SECTION
pol_unknown_27bc5d83,sec_pol_unknown_27bc5d83_b286fb2c,HAS_SECTION
pol_unknown_27bc5d83,sec_pol_unknown_27bc5d83_390b867c,HAS_SECTION
pol_unknown_27bc5d83,sec_pol_unknown_27bc5d83_aa7caae2,HAS_SECTION
pol_unknown_27bc5d83,sec_pol_unknown_27bc5d83_4bcc0876,HAS_SECTION
pol_unknown_27bc5d83,sec_pol_unknown_27bc5d83_ee4a271d,HAS_SECTION
pol_unknown_27bc5d83,sec_pol_unknown_27bc5d83_3442fa71,HAS_SECTION
pol_unknown_27bc5d83,sec_pol_unknown_27bc5d83_3219643f,HAS_SECTION
pol_unknown_27bc5d83,sec_pol_unknown_27bc5d83_838b09c7,HAS_SECTION
pol_unknown_27bc5d83,sec_pol_unknown_27bc5d83_46c8cb38,HAS_SECTION
pol_unknown_27bc5d83,sec_pol_unknown_27bc5d83_c509b400,HAS_SECTION
pol_unknown_27bc5d83,sec_pol_unknown_27bc5d83_43641354,HAS_SECTION
pol_unknown_27bc5d83,sec_pol_unknown_27bc5d83_2ea56885,HAS_SECTION
pol_unknown_27bc5d83,sec_pol_unknown_27bc5d83_c2920339,HAS_SECTION
pol_unknown_27bc5d83,sec_pol_unknown_27bc5d83_5c295d30,HAS_SECTION
pol_unknown_27bc5d83,sec_pol_unknown_27bc5d83_2a130983,HAS_SECTION
pol_unknown_27bc5d83,sec_pol_unknown_27bc5d83_4eeaafa9,HAS_SECTION
pol_unknown_27bc5d83,sec_pol_unknown_27bc5d83_76dc9e59,HAS_SECTION
pol_unknown_27bc5d83,sec_pol_unknown_27bc5d83_2b88b2a1,HAS_SECTION
pol_unknown_27bc5d83,sec_pol_unknown_27bc5d83_a30921c2,HAS_SECTION
pol_unknown_27bc5d83,sec_pol_unknown_27bc5d83_faea5e3b,HAS_SECTION
pol_unknown_27bc5d83,sec_pol_unknown_27bc5d83_b42d08e7,HAS_SECTION
pol_unknown_27bc5d83,sec_pol_unknown_27bc5d83_90917106,HAS_SECTION
pol_unknown_27bc5d83,sec_pol_unknown_27bc5d83_10837cd0,HAS_SECTION
pol_unknown_27bc5d83,sec_pol_unknown_27bc5d83_1694a4bc,HAS_SECTION
pol_unknown_27bc5d83,sec_pol_unknown_27bc5d83_51d46a87,HAS_SECTION
pol_unknown_27bc5d83,sec_pol_unknown_27bc5d83_115f7f67,HAS_SECTION
pol_unknown_27bc5d83,sec_pol_unknown_27bc5d83_383b627e,HAS_SECTION
pol_unknown_27bc5d83,sec_pol_unknown_27bc5d83_b504f8c8,HAS_SECTION
pol_unknown_27bc5d83,sec_pol_unknown_27bc5d83_7f05cc77,HAS_SECTION
pol_unknown_27bc5d83,sec_pol_unknown_27bc5d83_645801f5,HAS_SECTION
pol_unknown_27bc5d83,sec_pol_unknown_27bc5d83_1311eb27,HAS_SECTION
pol_unknown_27bc5d83,sec_pol_unknown_27bc5d83_88da91c4,HAS_SECTION
pol_unknown_27bc5d83,sec_pol_unknown_27bc5d83_bef75475,HAS_SECTION
pol_unknown_27bc5d83,sec_pol_unknown_27bc5d83_992e72d9,HAS_SECTION
pol_unknown_27bc5d83,sec_pol_unknown_27bc5d83_6ec7322f,HAS_SECTION
pol_unknown_27bc5d83,sec_pol_unknown_27bc5d83_47423092,HAS_SECTION
pol_unknown_27bc5d83,sec_pol_unknown_27bc5d83_8302c6a0,HAS_SECTION
pol_unknown_27bc5d83,sec_pol_unknown_27bc5d83_f951c207,HAS_SECTION
pol_unknown_27bc5d83,sec_pol_unknown_27bc5d83_b1e93b30,HAS_SECTION
pol_unknown_27bc5d83,sec_pol_unknown_27bc5d83_724651e2,HAS_SECTION
pol_unknown_27bc5d83,sec_pol_unknown_27bc5d83_8bd78a79,HAS_SECTION
pol_unknown_27bc5d83,sec_pol_unknown_27bc5d83_637329f7,HAS_SECTION
pol_unknown_27bc5d83,sec_pol_unknown_27bc5d83_f7ec4082,HAS_SECTION
pol_unknown_27bc5d83,sec_pol_unknown_27bc5d83_7d256e31,HAS_SECTION
pol_unknown_27bc5d83,sec_pol_unknown_27bc5d83_c6edac5d,HAS_SECTION
pol_unknown_27bc5d83,sec_pol_unknown_27bc5d83_3a97e6f9,HAS_SECTION
pol_unknown_27bc5d83,sec_pol_unknown_27bc5d83_cbd5b5e9,HAS_SECTION
pol_unknown_27bc5d83,sec_pol_unknown_27bc5d83_0245889e,HAS_SECTION
pol_unknown_27bc5d83,sec_pol_unknown_27bc5d83_001398ef,HAS_SECTION
pol_unknown_27bc5d83,sec_pol_unknown_27bc5d83_3a824ad6,HAS_SECTION
pol_unknown_27bc5d83,sec_pol_unknown_27bc5d83_4820284c,HAS_SECTION
pol_unknown_27bc5d83,sec_pol_unknown_27bc5d83_c202f327,HAS_SECTION
pol_unknown_27bc5d83,sec_pol_unknown_27bc5d83_6213269a,HAS_SECTION
pol_unknown_27bc5d83,sec_pol_unknown_27bc5d83_f69e3a90,HAS_SECTION
