:START_ID(Clause),:END_ID(Definition),:TYPE
cl_pol_qbe_f4a74bc3_3c26b565,def_pol_qbe_f4a74bc3_IN_THIS_INSURANCE,DEFINES
cl_pol_qbe_f4a74bc3_f8070d2d,def_pol_qbe_f4a74bc3_ADDITIONAL_PROTECTED_LIMIT,DEFINES
cl_pol_qbe_f4a74bc3_432774d6,def_pol_qbe_f4a74bc3_CHANGE_IN_CONTROL,DEFINES
cl_pol_qbe_f4a74bc3_f6ea3b19,def_pol_qbe_f4a74bc3_(I)_IN_RELATION,DEFINES
cl_pol_qbe_f4a74bc3_65ace941,def_pol_qbe_f4a74bc3_(II)_IN_RELATION,DEFINES
cl_pol_qbe_f4a74bc3_54a3bcec,def_pol_qbe_f4a74bc3_COMPANY_MEANS_THE,DEFINES
cl_pol_qbe_f4a74bc3_f6ac51c5,def_pol_qbe_f4a74bc3_COMPANY_SECURITIES_CLAIM,DEFINES
cl_pol_qbe_f4a74bc3_ffcaf799,def_pol_qbe_f4a74bc3_COSTS_AND_EXPENSES,DEFINES
cl_pol_qbe_f4a74bc3_0296ed5c,def_pol_qbe_f4a74bc3_20_QBE_COMMERCIAL,DEFINES
cl_pol_qbe_f4a74bc3_38d7f113,def_pol_qbe_f4a74bc3_(VII)_THE_COMPANY,DEFINES
cl_pol_qbe_f4a74bc3_9686343b,def_pol_qbe_f4a74bc3_QBE_MEANS_THE,DEFINES
cl_pol_qbe_f4a74bc3_287ac37e,def_pol_qbe_f4a74bc3_RETENTION_MEANS_THE,DEFINES
cl_pol_qbe_f4a74bc3_56825b99,def_pol_qbe_f4a74bc3_RETIRED_INSURED_PERSON,DEFINES
cl_pol_qbe_f4a74bc3_477e9401,def_pol_qbe_f4a74bc3_SECURITIES_MEANS_ANY,DEFINES
cl_pol_qbe_f4a74bc3_e4eba89e,def_pol_qbe_f4a74bc3_SECURITIES_CLAIM_MEANS,DEFINES
cl_pol_qbe_f4a74bc3_115bb06f,def_pol_qbe_f4a74bc3_SECURITIES_WRONGFUL_ACT,DEFINES
cl_pol_qbe_f4a74bc3_acf9785f,def_pol_qbe_f4a74bc3_SUBSIDIARY_MEANS_ANY,DEFINES
cl_pol_qbe_f4a74bc3_70918f90,def_pol_qbe_f4a74bc3_-_(I)_OWNS,DEFINES
cl_pol_qbe_f4a74bc3_8fd0ccf3,def_pol_qbe_f4a74bc3_THE_COVER_PROVIDED,DEFINES
cl_pol_qbe_f4a74bc3_92628047,def_pol_qbe_f4a74bc3_UNRELATED_CLAIM_MEANS,DEFINES
cl_pol_qbe_f4a74bc3_5c35fc6f,def_pol_qbe_f4a74bc3_WRONGFUL_ACT_MEANS,DEFINES
cl_pol_qbe_f4a74bc3_57886c56,def_pol_qbe_f4a74bc3_24_QBE_COMMERCIAL,DEFINES
cl_pol_liberty_1805efbe_e623259a,def_pol_liberty_1805efbe_|7.1_CHANGE_IN,DEFINES
cl_pol_liberty_1805efbe_2dbf1c9d,def_pol_liberty_1805efbe_LIBERTY_HK_D&O,DEFINES
cl_pol_liberty_1805efbe_37338b53,def_pol_liberty_1805efbe_IN_THIS_POLICY,DEFINES
cl_pol_liberty_1805efbe_263713c1,def_pol_liberty_1805efbe_7.9_EXTRADITION_PROCEEDING,DEFINES
cl_pol_liberty_1805efbe_a3a14523,def_pol_liberty_1805efbe_7.10_EXTENDED_REPORTING,DEFINES
cl_pol_liberty_1805efbe_ac75ae17,def_pol_liberty_1805efbe_7.11_FINAL_ADJUDICATION,DEFINES
cl_pol_liberty_1805efbe_898bf553,def_pol_liberty_1805efbe_-_(A)_IF,DEFINES
cl_pol_liberty_1805efbe_edfa9516,def_pol_liberty_1805efbe_7.12_INDUSTRIAL_INSTRUMENT,DEFINES
cl_pol_liberty_1805efbe_def94db6,def_pol_liberty_1805efbe_-_(A)_AN,DEFINES
cl_pol_liberty_1805efbe_542bceb0,def_pol_liberty_1805efbe_7.13_INQUIRY_MEANS,DEFINES
cl_pol_liberty_1805efbe_c181f9fc,def_pol_liberty_1805efbe_7.14_INSURED_MEANS,DEFINES
cl_pol_liberty_1805efbe_a59b9b0e,def_pol_liberty_1805efbe_7.15_INSURED_PERSON,DEFINES
cl_pol_liberty_1805efbe_7edc04ea,def_pol_liberty_1805efbe_-_(A)_ANY,DEFINES
cl_pol_liberty_1805efbe_d76c57af,def_pol_liberty_1805efbe_7.19_NORTH_AMERICA,DEFINES
cl_pol_liberty_1805efbe_2655d6e0,def_pol_liberty_1805efbe_7.20_OFFICER_MEANS,DEFINES
cl_pol_liberty_1805efbe_5df7639d,"def_pol_liberty_1805efbe_-_(A)_MAKES,",DEFINES
cl_pol_liberty_1805efbe_49057d6b,def_pol_liberty_1805efbe_7.21_POLICY_MEANS,DEFINES
cl_pol_liberty_1805efbe_ecef3d30,def_pol_liberty_1805efbe_7.22_POLICY_PERIOD,DEFINES
cl_pol_liberty_1805efbe_2a9f52ad,def_pol_liberty_1805efbe_7.23_POLLUTANT_MEANS,DEFINES
cl_pol_liberty_1805efbe_565bbde1,def_pol_liberty_1805efbe_7.24_PREMIUM_MEANS,DEFINES
cl_pol_liberty_1805efbe_f4eaa526,def_pol_liberty_1805efbe_7.25_RAID_MEANS,DEFINES
cl_pol_liberty_1805efbe_aea65bda,def_pol_liberty_1805efbe_7.26_RAID_EXPENSES,DEFINES
cl_pol_liberty_1805efbe_91fc890f,def_pol_liberty_1805efbe_7.27_SCHEDULE_MEANS,DEFINES
cl_pol_liberty_1805efbe_b099bb8a,def_pol_liberty_1805efbe_7.28_SECURITIES_MEANS,DEFINES
cl_pol_liberty_1805efbe_b16e40eb,def_pol_liberty_1805efbe_7.29_SECURITIES_CLAIM,DEFINES
cl_pol_liberty_1805efbe_3b0c8157,def_pol_liberty_1805efbe_-_(A)_WRITTEN,DEFINES
cl_pol_liberty_1805efbe_f69784b4,def_pol_liberty_1805efbe_IN_RELATION_TO,DEFINES
